0.278, 0
0.281, 1
0.283, 2
0.284, 3
0.284, 4
0.287, 5
0.289, 6
0.291, 7
0.294, 8
0.294, 9
0.295, 10
0.295, 11
0.296, 12
0.296, 13
0.297, 14
0.297, 15
0.298, 16
0.299, 17
0.3, 18
0.3, 19
0.3, 20
0.3, 21
0.3, 22
0.3, 23
0.3, 24
0.301, 25
0.301, 26
0.301, 27
0.301, 28
0.301, 29
0.301, 30
0.302, 31
0.302, 32
0.302, 33
0.302, 34
0.302, 35
0.302, 36
0.302, 37
0.303, 38
0.303, 39
0.303, 40
0.303, 41
0.304, 42
0.304, 43
0.304, 44
0.304, 45
0.304, 46
0.304, 47
0.304, 48
0.304, 49
0.304, 50
0.304, 51
0.304, 52
0.304, 53
0.304, 54
0.304, 55
0.305, 56
0.305, 57
0.305, 58
0.305, 59
0.305, 60
0.305, 61
0.305, 62
0.305, 63
0.306, 64
0.306, 65
0.306, 66
0.306, 67
0.306, 68
0.306, 69
0.306, 70
0.306, 71
0.306, 72
0.306, 73
0.307, 74
0.307, 75
0.307, 76
0.307, 77
0.307, 78
0.307, 79
0.307, 80
0.307, 81
0.307, 82
0.307, 83
0.308, 84
0.308, 85
0.308, 86
0.308, 87
0.308, 88
0.308, 89
0.308, 90
0.308, 91
0.308, 92
0.308, 93
0.309, 94
0.309, 95
0.309, 96
0.309, 97
0.309, 98
0.309, 99
0.309, 100
0.309, 101
0.309, 102
0.309, 103
0.309, 104
0.309, 105
0.309, 106
0.31, 107
0.31, 108
0.31, 109
0.31, 110
0.31, 111
0.31, 112
0.31, 113
0.31, 114
0.31, 115
0.31, 116
0.31, 117
0.31, 118
0.31, 119
0.31, 120
0.311, 121
0.311, 122
0.311, 123
0.311, 124
0.311, 125
0.311, 126
0.311, 127
0.311, 128
0.311, 129
0.311, 130
0.311, 131
0.311, 132
0.311, 133
0.311, 134
0.311, 135
0.311, 136
0.311, 137
0.311, 138
0.311, 139
0.311, 140
0.312, 141
0.312, 142
0.312, 143
0.312, 144
0.312, 145
0.312, 146
0.312, 147
0.312, 148
0.312, 149
0.312, 150
0.312, 151
0.312, 152
0.312, 153
0.312, 154
0.312, 155
0.312, 156
0.312, 157
0.312, 158
0.313, 159
0.313, 160
0.313, 161
0.313, 162
0.313, 163
0.313, 164
0.313, 165
0.313, 166
0.313, 167
0.313, 168
0.313, 169
0.314, 170
0.314, 171
0.314, 172
0.314, 173
0.314, 174
0.314, 175
0.314, 176
0.314, 177
0.314, 178
0.314, 179
0.314, 180
0.314, 181
0.314, 182
0.314, 183
0.314, 184
0.314, 185
0.314, 186
0.314, 187
0.314, 188
0.314, 189
0.315, 190
0.315, 191
0.315, 192
0.315, 193
0.315, 194
0.315, 195
0.315, 196
0.315, 197
0.315, 198
0.315, 199
0.315, 200
0.315, 201
0.315, 202
0.315, 203
0.315, 204
0.315, 205
0.315, 206
0.315, 207
0.316, 208
0.316, 209
0.316, 210
0.316, 211
0.316, 212
0.316, 213
0.316, 214
0.316, 215
0.316, 216
0.316, 217
0.316, 218
0.316, 219
0.316, 220
0.316, 221
0.316, 222
0.316, 223
0.316, 224
0.316, 225
0.316, 226
0.316, 227
0.316, 228
0.316, 229
0.317, 230
0.317, 231
0.317, 232
0.317, 233
0.317, 234
0.317, 235
0.317, 236
0.317, 237
0.317, 238
0.317, 239
0.317, 240
0.317, 241
0.317, 242
0.317, 243
0.317, 244
0.317, 245
0.317, 246
0.317, 247
0.318, 248
0.318, 249
0.318, 250
0.318, 251
0.318, 252
0.318, 253
0.318, 254
0.318, 255
0.318, 256
0.318, 257
0.318, 258
0.318, 259
0.318, 260
0.318, 261
0.318, 262
0.318, 263
0.318, 264
0.318, 265
0.318, 266
0.319, 267
0.319, 268
0.319, 269
0.319, 270
0.319, 271
0.319, 272
0.319, 273
0.319, 274
0.319, 275
0.319, 276
0.319, 277
0.319, 278
0.319, 279
0.319, 280
0.319, 281
0.319, 282
0.32, 283
0.32, 284
0.32, 285
0.32, 286
0.32, 287
0.32, 288
0.32, 289
0.32, 290
0.32, 291
0.32, 292
0.32, 293
0.32, 294
0.32, 295
0.32, 296
0.32, 297
0.32, 298
0.32, 299
0.32, 300
0.32, 301
0.32, 302
0.32, 303
0.321, 304
0.321, 305
0.321, 306
0.321, 307
0.321, 308
0.321, 309
0.321, 310
0.321, 311
0.321, 312
0.321, 313
0.321, 314
0.321, 315
0.321, 316
0.321, 317
0.321, 318
0.321, 319
0.321, 320
0.321, 321
0.321, 322
0.321, 323
0.321, 324
0.322, 325
0.322, 326
0.322, 327
0.322, 328
0.322, 329
0.322, 330
0.322, 331
0.322, 332
0.322, 333
0.322, 334
0.322, 335
0.322, 336
0.322, 337
0.322, 338
0.322, 339
0.322, 340
0.322, 341
0.322, 342
0.322, 343
0.322, 344
0.322, 345
0.323, 346
0.323, 347
0.323, 348
0.323, 349
0.323, 350
0.323, 351
0.323, 352
0.323, 353
0.323, 354
0.323, 355
0.323, 356
0.323, 357
0.323, 358
0.323, 359
0.323, 360
0.323, 361
0.323, 362
0.323, 363
0.323, 364
0.323, 365
0.323, 366
0.324, 367
0.324, 368
0.324, 369
0.324, 370
0.324, 371
0.324, 372
0.324, 373
0.324, 374
0.324, 375
0.324, 376
0.324, 377
0.324, 378
0.324, 379
0.324, 380
0.324, 381
0.325, 382
0.325, 383
0.325, 384
0.325, 385
0.325, 386
0.325, 387
0.325, 388
0.325, 389
0.325, 390
0.325, 391
0.325, 392
0.325, 393
0.325, 394
0.325, 395
0.325, 396
0.325, 397
0.325, 398
0.325, 399
0.325, 400
0.325, 401
0.325, 402
0.325, 403
0.325, 404
0.325, 405
0.325, 406
0.325, 407
0.326, 408
0.326, 409
0.326, 410
0.326, 411
0.326, 412
0.326, 413
0.326, 414
0.326, 415
0.326, 416
0.326, 417
0.326, 418
0.326, 419
0.326, 420
0.326, 421
0.326, 422
0.326, 423
0.326, 424
0.326, 425
0.326, 426
0.326, 427
0.326, 428
0.326, 429
0.326, 430
0.326, 431
0.326, 432
0.326, 433
0.326, 434
0.326, 435
0.326, 436
0.326, 437
0.326, 438
0.326, 439
0.327, 440
0.327, 441
0.327, 442
0.327, 443
0.327, 444
0.327, 445
0.327, 446
0.327, 447
0.327, 448
0.327, 449
0.327, 450
0.327, 451
0.327, 452
0.327, 453
0.327, 454
0.327, 455
0.327, 456
0.327, 457
0.327, 458
0.327, 459
0.328, 460
0.328, 461
0.328, 462
0.328, 463
0.328, 464
0.328, 465
0.328, 466
0.328, 467
0.328, 468
0.328, 469
0.328, 470
0.328, 471
0.328, 472
0.328, 473
0.328, 474
0.328, 475
0.328, 476
0.328, 477
0.328, 478
0.328, 479
0.328, 480
0.328, 481
0.328, 482
0.328, 483
0.328, 484
0.328, 485
0.328, 486
0.328, 487
0.328, 488
0.328, 489
0.329, 490
0.329, 491
0.329, 492
0.329, 493
0.329, 494
0.329, 495
0.329, 496
0.329, 497
0.329, 498
0.329, 499
0.329, 500
0.329, 501
0.329, 502
0.329, 503
0.329, 504
0.329, 505
0.329, 506
0.329, 507
0.329, 508
0.329, 509
0.329, 510
0.329, 511
0.329, 512
0.329, 513
0.329, 514
0.329, 515
0.33, 516
0.33, 517
0.33, 518
0.33, 519
0.33, 520
0.33, 521
0.33, 522
0.33, 523
0.33, 524
0.33, 525
0.33, 526
0.33, 527
0.33, 528
0.33, 529
0.33, 530
0.33, 531
0.33, 532
0.33, 533
0.33, 534
0.33, 535
0.33, 536
0.33, 537
0.33, 538
0.331, 539
0.331, 540
0.331, 541
0.331, 542
0.331, 543
0.331, 544
0.331, 545
0.331, 546
0.331, 547
0.331, 548
0.331, 549
0.331, 550
0.331, 551
0.331, 552
0.331, 553
0.331, 554
0.331, 555
0.331, 556
0.331, 557
0.331, 558
0.331, 559
0.331, 560
0.331, 561
0.331, 562
0.332, 563
0.332, 564
0.332, 565
0.332, 566
0.332, 567
0.332, 568
0.332, 569
0.332, 570
0.332, 571
0.332, 572
0.332, 573
0.332, 574
0.332, 575
0.332, 576
0.332, 577
0.332, 578
0.332, 579
0.332, 580
0.332, 581
0.332, 582
0.332, 583
0.332, 584
0.332, 585
0.332, 586
0.332, 587
0.332, 588
0.333, 589
0.333, 590
0.333, 591
0.333, 592
0.333, 593
0.333, 594
0.333, 595
0.333, 596
0.333, 597
0.333, 598
0.333, 599
0.333, 600
0.333, 601
0.333, 602
0.333, 603
0.333, 604
0.333, 605
0.333, 606
0.333, 607
0.333, 608
0.333, 609
0.333, 610
0.333, 611
0.333, 612
0.333, 613
0.333, 614
0.333, 615
0.333, 616
0.333, 617
0.334, 618
0.334, 619
0.334, 620
0.334, 621
0.334, 622
0.334, 623
0.334, 624
0.334, 625
0.334, 626
0.334, 627
0.334, 628
0.334, 629
0.334, 630
0.334, 631
0.334, 632
0.334, 633
0.334, 634
0.334, 635
0.334, 636
0.334, 637
0.334, 638
0.334, 639
0.334, 640
0.334, 641
0.334, 642
0.334, 643
0.334, 644
0.334, 645
0.334, 646
0.334, 647
0.334, 648
0.334, 649
0.334, 650
0.334, 651
0.334, 652
0.335, 653
0.335, 654
0.335, 655
0.335, 656
0.335, 657
0.335, 658
0.335, 659
0.335, 660
0.335, 661
0.335, 662
0.335, 663
0.335, 664
0.335, 665
0.335, 666
0.335, 667
0.335, 668
0.335, 669
0.335, 670
0.335, 671
0.335, 672
0.335, 673
0.335, 674
0.335, 675
0.335, 676
0.335, 677
0.335, 678
0.335, 679
0.335, 680
0.336, 681
0.336, 682
0.336, 683
0.336, 684
0.336, 685
0.336, 686
0.336, 687
0.336, 688
0.336, 689
0.336, 690
0.336, 691
0.336, 692
0.336, 693
0.336, 694
0.336, 695
0.336, 696
0.336, 697
0.336, 698
0.336, 699
0.336, 700
0.336, 701
0.336, 702
0.336, 703
0.336, 704
0.336, 705
0.336, 706
0.336, 707
0.336, 708
0.336, 709
0.336, 710
0.336, 711
0.336, 712
0.336, 713
0.337, 714
0.337, 715
0.337, 716
0.337, 717
0.337, 718
0.337, 719
0.337, 720
0.337, 721
0.337, 722
0.337, 723
0.337, 724
0.337, 725
0.337, 726
0.337, 727
0.337, 728
0.337, 729
0.337, 730
0.337, 731
0.337, 732
0.337, 733
0.337, 734
0.337, 735
0.337, 736
0.337, 737
0.337, 738
0.337, 739
0.337, 740
0.337, 741
0.337, 742
0.337, 743
0.337, 744
0.337, 745
0.337, 746
0.337, 747
0.338, 748
0.338, 749
0.338, 750
0.338, 751
0.338, 752
0.338, 753
0.338, 754
0.338, 755
0.338, 756
0.338, 757
0.338, 758
0.338, 759
0.338, 760
0.338, 761
0.338, 762
0.338, 763
0.338, 764
0.338, 765
0.338, 766
0.338, 767
0.338, 768
0.338, 769
0.338, 770
0.338, 771
0.338, 772
0.338, 773
0.338, 774
0.338, 775
0.338, 776
0.338, 777
0.338, 778
0.338, 779
0.338, 780
0.338, 781
0.338, 782
0.338, 783
0.338, 784
0.338, 785
0.339, 786
0.339, 787
0.339, 788
0.339, 789
0.339, 790
0.339, 791
0.339, 792
0.339, 793
0.339, 794
0.339, 795
0.339, 796
0.339, 797
0.339, 798
0.339, 799
0.339, 800
0.339, 801
0.339, 802
0.339, 803
0.339, 804
0.339, 805
0.339, 806
0.339, 807
0.339, 808
0.339, 809
0.339, 810
0.339, 811
0.339, 812
0.339, 813
0.339, 814
0.339, 815
0.339, 816
0.339, 817
0.339, 818
0.339, 819
0.339, 820
0.339, 821
0.339, 822
0.34, 823
0.34, 824
0.34, 825
0.34, 826
0.34, 827
0.34, 828
0.34, 829
0.34, 830
0.34, 831
0.34, 832
0.34, 833
0.34, 834
0.34, 835
0.34, 836
0.34, 837
0.34, 838
0.34, 839
0.34, 840
0.34, 841
0.34, 842
0.34, 843
0.34, 844
0.34, 845
0.34, 846
0.34, 847
0.34, 848
0.34, 849
0.34, 850
0.34, 851
0.34, 852
0.34, 853
0.34, 854
0.34, 855
0.34, 856
0.34, 857
0.34, 858
0.34, 859
0.341, 860
0.341, 861
0.341, 862
0.341, 863
0.341, 864
0.341, 865
0.341, 866
0.341, 867
0.341, 868
0.341, 869
0.341, 870
0.341, 871
0.341, 872
0.341, 873
0.341, 874
0.341, 875
0.341, 876
0.341, 877
0.341, 878
0.341, 879
0.341, 880
0.341, 881
0.341, 882
0.341, 883
0.341, 884
0.341, 885
0.341, 886
0.341, 887
0.341, 888
0.341, 889
0.341, 890
0.341, 891
0.341, 892
0.341, 893
0.341, 894
0.341, 895
0.341, 896
0.341, 897
0.341, 898
0.341, 899
0.341, 900
0.342, 901
0.342, 902
0.342, 903
0.342, 904
0.342, 905
0.342, 906
0.342, 907
0.342, 908
0.342, 909
0.342, 910
0.342, 911
0.342, 912
0.342, 913
0.342, 914
0.342, 915
0.342, 916
0.342, 917
0.342, 918
0.342, 919
0.342, 920
0.342, 921
0.342, 922
0.342, 923
0.342, 924
0.342, 925
0.342, 926
0.343, 927
0.343, 928
0.343, 929
0.343, 930
0.343, 931
0.343, 932
0.343, 933
0.343, 934
0.343, 935
0.343, 936
0.343, 937
0.343, 938
0.343, 939
0.343, 940
0.343, 941
0.343, 942
0.343, 943
0.343, 944
0.343, 945
0.343, 946
0.343, 947
0.343, 948
0.343, 949
0.343, 950
0.343, 951
0.343, 952
0.343, 953
0.343, 954
0.343, 955
0.343, 956
0.343, 957
0.343, 958
0.344, 959
0.344, 960
0.344, 961
0.344, 962
0.344, 963
0.344, 964
0.344, 965
0.344, 966
0.344, 967
0.344, 968
0.344, 969
0.344, 970
0.344, 971
0.344, 972
0.344, 973
0.344, 974
0.344, 975
0.344, 976
0.344, 977
0.344, 978
0.344, 979
0.344, 980
0.344, 981
0.344, 982
0.344, 983
0.344, 984
0.344, 985
0.344, 986
0.344, 987
0.344, 988
0.344, 989
0.344, 990
0.344, 991
0.344, 992
0.344, 993
0.344, 994
0.344, 995
0.344, 996
0.344, 997
0.344, 998
0.344, 999
0.344, 1000
0.344, 1001
0.344, 1002
0.344, 1003
0.344, 1004
0.345, 1005
0.345, 1006
0.345, 1007
0.345, 1008
0.345, 1009
0.345, 1010
0.345, 1011
0.345, 1012
0.345, 1013
0.345, 1014
0.345, 1015
0.345, 1016
0.345, 1017
0.345, 1018
0.345, 1019
0.345, 1020
0.345, 1021
0.345, 1022
0.345, 1023
0.345, 1024
0.345, 1025
0.345, 1026
0.345, 1027
0.345, 1028
0.345, 1029
0.345, 1030
0.345, 1031
0.345, 1032
0.345, 1033
0.345, 1034
0.345, 1035
0.345, 1036
0.345, 1037
0.346, 1038
0.346, 1039
0.346, 1040
0.346, 1041
0.346, 1042
0.346, 1043
0.346, 1044
0.346, 1045
0.346, 1046
0.346, 1047
0.346, 1048
0.346, 1049
0.346, 1050
0.346, 1051
0.346, 1052
0.346, 1053
0.346, 1054
0.346, 1055
0.346, 1056
0.346, 1057
0.346, 1058
0.346, 1059
0.346, 1060
0.346, 1061
0.346, 1062
0.346, 1063
0.346, 1064
0.347, 1065
0.347, 1066
0.347, 1067
0.347, 1068
0.347, 1069
0.347, 1070
0.347, 1071
0.347, 1072
0.347, 1073
0.347, 1074
0.347, 1075
0.347, 1076
0.347, 1077
0.347, 1078
0.347, 1079
0.347, 1080
0.347, 1081
0.347, 1082
0.347, 1083
0.347, 1084
0.347, 1085
0.347, 1086
0.347, 1087
0.347, 1088
0.347, 1089
0.347, 1090
0.347, 1091
0.347, 1092
0.347, 1093
0.347, 1094
0.348, 1095
0.348, 1096
0.348, 1097
0.348, 1098
0.348, 1099
0.348, 1100
0.348, 1101
0.348, 1102
0.348, 1103
0.348, 1104
0.348, 1105
0.348, 1106
0.348, 1107
0.348, 1108
0.348, 1109
0.348, 1110
0.348, 1111
0.348, 1112
0.348, 1113
0.348, 1114
0.348, 1115
0.348, 1116
0.348, 1117
0.348, 1118
0.348, 1119
0.348, 1120
0.348, 1121
0.348, 1122
0.348, 1123
0.348, 1124
0.349, 1125
0.349, 1126
0.349, 1127
0.349, 1128
0.349, 1129
0.349, 1130
0.349, 1131
0.349, 1132
0.349, 1133
0.349, 1134
0.349, 1135
0.349, 1136
0.349, 1137
0.349, 1138
0.349, 1139
0.349, 1140
0.349, 1141
0.349, 1142
0.349, 1143
0.349, 1144
0.349, 1145
0.349, 1146
0.349, 1147
0.349, 1148
0.349, 1149
0.349, 1150
0.349, 1151
0.349, 1152
0.349, 1153
0.349, 1154
0.349, 1155
0.349, 1156
0.349, 1157
0.349, 1158
0.349, 1159
0.349, 1160
0.35, 1161
0.35, 1162
0.35, 1163
0.35, 1164
0.35, 1165
0.35, 1166
0.35, 1167
0.35, 1168
0.35, 1169
0.35, 1170
0.35, 1171
0.35, 1172
0.35, 1173
0.35, 1174
0.35, 1175
0.35, 1176
0.35, 1177
0.35, 1178
0.35, 1179
0.35, 1180
0.35, 1181
0.35, 1182
0.35, 1183
0.35, 1184
0.35, 1185
0.35, 1186
0.35, 1187
0.35, 1188
0.35, 1189
0.35, 1190
0.351, 1191
0.351, 1192
0.351, 1193
0.351, 1194
0.351, 1195
0.351, 1196
0.351, 1197
0.351, 1198
0.351, 1199
0.351, 1200
0.351, 1201
0.351, 1202
0.351, 1203
0.351, 1204
0.351, 1205
0.351, 1206
0.351, 1207
0.351, 1208
0.351, 1209
0.351, 1210
0.351, 1211
0.351, 1212
0.351, 1213
0.351, 1214
0.351, 1215
0.351, 1216
0.351, 1217
0.351, 1218
0.351, 1219
0.351, 1220
0.351, 1221
0.351, 1222
0.351, 1223
0.351, 1224
0.351, 1225
0.351, 1226
0.351, 1227
0.352, 1228
0.352, 1229
0.352, 1230
0.352, 1231
0.352, 1232
0.352, 1233
0.352, 1234
0.352, 1235
0.352, 1236
0.352, 1237
0.352, 1238
0.352, 1239
0.352, 1240
0.352, 1241
0.352, 1242
0.352, 1243
0.352, 1244
0.352, 1245
0.352, 1246
0.352, 1247
0.352, 1248
0.352, 1249
0.352, 1250
0.352, 1251
0.352, 1252
0.352, 1253
0.353, 1254
0.353, 1255
0.353, 1256
0.353, 1257
0.353, 1258
0.353, 1259
0.353, 1260
0.353, 1261
0.353, 1262
0.353, 1263
0.353, 1264
0.353, 1265
0.353, 1266
0.353, 1267
0.353, 1268
0.353, 1269
0.353, 1270
0.353, 1271
0.353, 1272
0.353, 1273
0.353, 1274
0.353, 1275
0.353, 1276
0.353, 1277
0.353, 1278
0.353, 1279
0.353, 1280
0.353, 1281
0.353, 1282
0.353, 1283
0.353, 1284
0.353, 1285
0.353, 1286
0.353, 1287
0.353, 1288
0.353, 1289
0.353, 1290
0.353, 1291
0.353, 1292
0.353, 1293
0.353, 1294
0.353, 1295
0.353, 1296
0.354, 1297
0.354, 1298
0.354, 1299
0.354, 1300
0.354, 1301
0.354, 1302
0.354, 1303
0.354, 1304
0.354, 1305
0.354, 1306
0.354, 1307
0.354, 1308
0.354, 1309
0.354, 1310
0.354, 1311
0.354, 1312
0.354, 1313
0.354, 1314
0.354, 1315
0.354, 1316
0.354, 1317
0.354, 1318
0.354, 1319
0.354, 1320
0.354, 1321
0.354, 1322
0.354, 1323
0.354, 1324
0.354, 1325
0.354, 1326
0.354, 1327
0.354, 1328
0.354, 1329
0.354, 1330
0.354, 1331
0.355, 1332
0.355, 1333
0.355, 1334
0.355, 1335
0.355, 1336
0.355, 1337
0.355, 1338
0.355, 1339
0.355, 1340
0.355, 1341
0.355, 1342
0.355, 1343
0.355, 1344
0.355, 1345
0.355, 1346
0.355, 1347
0.355, 1348
0.355, 1349
0.355, 1350
0.355, 1351
0.355, 1352
0.355, 1353
0.355, 1354
0.355, 1355
0.355, 1356
0.355, 1357
0.355, 1358
0.355, 1359
0.355, 1360
0.355, 1361
0.355, 1362
0.355, 1363
0.355, 1364
0.355, 1365
0.355, 1366
0.355, 1367
0.355, 1368
0.355, 1369
0.355, 1370
0.355, 1371
0.355, 1372
0.355, 1373
0.355, 1374
0.355, 1375
0.355, 1376
0.355, 1377
0.356, 1378
0.356, 1379
0.356, 1380
0.356, 1381
0.356, 1382
0.356, 1383
0.356, 1384
0.356, 1385
0.356, 1386
0.356, 1387
0.356, 1388
0.356, 1389
0.356, 1390
0.356, 1391
0.356, 1392
0.356, 1393
0.356, 1394
0.356, 1395
0.356, 1396
0.356, 1397
0.356, 1398
0.356, 1399
0.356, 1400
0.356, 1401
0.356, 1402
0.356, 1403
0.356, 1404
0.356, 1405
0.356, 1406
0.356, 1407
0.356, 1408
0.357, 1409
0.357, 1410
0.357, 1411
0.357, 1412
0.357, 1413
0.357, 1414
0.357, 1415
0.357, 1416
0.357, 1417
0.357, 1418
0.357, 1419
0.357, 1420
0.357, 1421
0.357, 1422
0.357, 1423
0.357, 1424
0.357, 1425
0.357, 1426
0.357, 1427
0.357, 1428
0.357, 1429
0.357, 1430
0.357, 1431
0.357, 1432
0.357, 1433
0.357, 1434
0.357, 1435
0.357, 1436
0.357, 1437
0.357, 1438
0.357, 1439
0.358, 1440
0.358, 1441
0.358, 1442
0.358, 1443
0.358, 1444
0.358, 1445
0.358, 1446
0.358, 1447
0.358, 1448
0.358, 1449
0.358, 1450
0.358, 1451
0.358, 1452
0.358, 1453
0.358, 1454
0.358, 1455
0.358, 1456
0.358, 1457
0.358, 1458
0.358, 1459
0.358, 1460
0.358, 1461
0.358, 1462
0.358, 1463
0.358, 1464
0.358, 1465
0.358, 1466
0.358, 1467
0.358, 1468
0.358, 1469
0.358, 1470
0.358, 1471
0.358, 1472
0.358, 1473
0.358, 1474
0.358, 1475
0.358, 1476
0.358, 1477
0.358, 1478
0.358, 1479
0.358, 1480
0.358, 1481
0.358, 1482
0.358, 1483
0.358, 1484
0.359, 1485
0.359, 1486
0.359, 1487
0.359, 1488
0.359, 1489
0.359, 1490
0.359, 1491
0.359, 1492
0.359, 1493
0.359, 1494
0.359, 1495
0.359, 1496
0.359, 1497
0.359, 1498
0.359, 1499
0.359, 1500
0.359, 1501
0.359, 1502
0.359, 1503
0.359, 1504
0.359, 1505
0.359, 1506
0.359, 1507
0.359, 1508
0.359, 1509
0.359, 1510
0.359, 1511
0.359, 1512
0.359, 1513
0.359, 1514
0.359, 1515
0.359, 1516
0.359, 1517
0.359, 1518
0.36, 1519
0.36, 1520
0.36, 1521
0.36, 1522
0.36, 1523
0.36, 1524
0.36, 1525
0.36, 1526
0.36, 1527
0.36, 1528
0.36, 1529
0.36, 1530
0.36, 1531
0.36, 1532
0.36, 1533
0.36, 1534
0.36, 1535
0.36, 1536
0.36, 1537
0.36, 1538
0.36, 1539
0.36, 1540
0.36, 1541
0.36, 1542
0.36, 1543
0.36, 1544
0.36, 1545
0.36, 1546
0.36, 1547
0.36, 1548
0.36, 1549
0.36, 1550
0.36, 1551
0.36, 1552
0.36, 1553
0.361, 1554
0.361, 1555
0.361, 1556
0.361, 1557
0.361, 1558
0.361, 1559
0.361, 1560
0.361, 1561
0.361, 1562
0.361, 1563
0.361, 1564
0.361, 1565
0.361, 1566
0.361, 1567
0.361, 1568
0.361, 1569
0.361, 1570
0.361, 1571
0.361, 1572
0.361, 1573
0.361, 1574
0.361, 1575
0.361, 1576
0.361, 1577
0.361, 1578
0.361, 1579
0.361, 1580
0.361, 1581
0.361, 1582
0.361, 1583
0.361, 1584
0.361, 1585
0.361, 1586
0.362, 1587
0.362, 1588
0.362, 1589
0.362, 1590
0.362, 1591
0.362, 1592
0.362, 1593
0.362, 1594
0.362, 1595
0.362, 1596
0.362, 1597
0.362, 1598
0.362, 1599
0.362, 1600
0.362, 1601
0.362, 1602
0.362, 1603
0.362, 1604
0.362, 1605
0.362, 1606
0.362, 1607
0.362, 1608
0.362, 1609
0.362, 1610
0.362, 1611
0.363, 1612
0.363, 1613
0.363, 1614
0.363, 1615
0.363, 1616
0.363, 1617
0.363, 1618
0.363, 1619
0.363, 1620
0.363, 1621
0.363, 1622
0.363, 1623
0.363, 1624
0.363, 1625
0.363, 1626
0.363, 1627
0.363, 1628
0.363, 1629
0.363, 1630
0.363, 1631
0.363, 1632
0.363, 1633
0.363, 1634
0.363, 1635
0.363, 1636
0.363, 1637
0.363, 1638
0.363, 1639
0.363, 1640
0.363, 1641
0.363, 1642
0.363, 1643
0.363, 1644
0.363, 1645
0.363, 1646
0.363, 1647
0.363, 1648
0.363, 1649
0.364, 1650
0.364, 1651
0.364, 1652
0.364, 1653
0.364, 1654
0.364, 1655
0.364, 1656
0.364, 1657
0.364, 1658
0.364, 1659
0.364, 1660
0.364, 1661
0.364, 1662
0.364, 1663
0.364, 1664
0.364, 1665
0.364, 1666
0.364, 1667
0.364, 1668
0.364, 1669
0.364, 1670
0.364, 1671
0.364, 1672
0.364, 1673
0.364, 1674
0.364, 1675
0.364, 1676
0.364, 1677
0.364, 1678
0.364, 1679
0.364, 1680
0.364, 1681
0.364, 1682
0.364, 1683
0.364, 1684
0.364, 1685
0.364, 1686
0.364, 1687
0.364, 1688
0.364, 1689
0.365, 1690
0.365, 1691
0.365, 1692
0.365, 1693
0.365, 1694
0.365, 1695
0.365, 1696
0.365, 1697
0.365, 1698
0.365, 1699
0.365, 1700
0.365, 1701
0.365, 1702
0.365, 1703
0.365, 1704
0.365, 1705
0.365, 1706
0.365, 1707
0.365, 1708
0.365, 1709
0.365, 1710
0.365, 1711
0.365, 1712
0.365, 1713
0.365, 1714
0.365, 1715
0.365, 1716
0.365, 1717
0.366, 1718
0.366, 1719
0.366, 1720
0.366, 1721
0.366, 1722
0.366, 1723
0.366, 1724
0.366, 1725
0.366, 1726
0.366, 1727
0.366, 1728
0.366, 1729
0.366, 1730
0.366, 1731
0.366, 1732
0.366, 1733
0.366, 1734
0.366, 1735
0.366, 1736
0.366, 1737
0.366, 1738
0.366, 1739
0.366, 1740
0.366, 1741
0.366, 1742
0.366, 1743
0.366, 1744
0.366, 1745
0.366, 1746
0.366, 1747
0.366, 1748
0.366, 1749
0.367, 1750
0.367, 1751
0.367, 1752
0.367, 1753
0.367, 1754
0.367, 1755
0.367, 1756
0.367, 1757
0.367, 1758
0.367, 1759
0.367, 1760
0.367, 1761
0.367, 1762
0.367, 1763
0.367, 1764
0.367, 1765
0.367, 1766
0.367, 1767
0.367, 1768
0.367, 1769
0.367, 1770
0.367, 1771
0.367, 1772
0.367, 1773
0.368, 1774
0.368, 1775
0.368, 1776
0.368, 1777
0.368, 1778
0.368, 1779
0.368, 1780
0.368, 1781
0.368, 1782
0.368, 1783
0.368, 1784
0.368, 1785
0.368, 1786
0.368, 1787
0.368, 1788
0.368, 1789
0.368, 1790
0.368, 1791
0.368, 1792
0.368, 1793
0.368, 1794
0.368, 1795
0.368, 1796
0.368, 1797
0.368, 1798
0.368, 1799
0.368, 1800
0.368, 1801
0.368, 1802
0.368, 1803
0.368, 1804
0.369, 1805
0.369, 1806
0.369, 1807
0.369, 1808
0.369, 1809
0.369, 1810
0.369, 1811
0.369, 1812
0.369, 1813
0.369, 1814
0.369, 1815
0.369, 1816
0.369, 1817
0.369, 1818
0.369, 1819
0.369, 1820
0.369, 1821
0.369, 1822
0.37, 1823
0.37, 1824
0.37, 1825
0.37, 1826
0.37, 1827
0.37, 1828
0.37, 1829
0.37, 1830
0.37, 1831
0.37, 1832
0.37, 1833
0.37, 1834
0.37, 1835
0.37, 1836
0.37, 1837
0.37, 1838
0.37, 1839
0.37, 1840
0.37, 1841
0.37, 1842
0.37, 1843
0.37, 1844
0.37, 1845
0.37, 1846
0.37, 1847
0.37, 1848
0.37, 1849
0.371, 1850
0.371, 1851
0.371, 1852
0.371, 1853
0.371, 1854
0.371, 1855
0.371, 1856
0.371, 1857
0.371, 1858
0.371, 1859
0.371, 1860
0.371, 1861
0.371, 1862
0.371, 1863
0.371, 1864
0.371, 1865
0.371, 1866
0.371, 1867
0.371, 1868
0.371, 1869
0.371, 1870
0.371, 1871
0.371, 1872
0.371, 1873
0.371, 1874
0.371, 1875
0.371, 1876
0.371, 1877
0.371, 1878
0.371, 1879
0.371, 1880
0.371, 1881
0.371, 1882
0.372, 1883
0.372, 1884
0.372, 1885
0.372, 1886
0.372, 1887
0.372, 1888
0.372, 1889
0.372, 1890
0.372, 1891
0.372, 1892
0.372, 1893
0.372, 1894
0.372, 1895
0.372, 1896
0.372, 1897
0.372, 1898
0.372, 1899
0.372, 1900
0.372, 1901
0.372, 1902
0.372, 1903
0.372, 1904
0.372, 1905
0.372, 1906
0.372, 1907
0.372, 1908
0.372, 1909
0.372, 1910
0.372, 1911
0.372, 1912
0.372, 1913
0.372, 1914
0.372, 1915
0.372, 1916
0.372, 1917
0.372, 1918
0.372, 1919
0.372, 1920
0.373, 1921
0.373, 1922
0.373, 1923
0.373, 1924
0.373, 1925
0.373, 1926
0.373, 1927
0.373, 1928
0.373, 1929
0.373, 1930
0.373, 1931
0.373, 1932
0.373, 1933
0.373, 1934
0.373, 1935
0.373, 1936
0.373, 1937
0.373, 1938
0.373, 1939
0.373, 1940
0.373, 1941
0.373, 1942
0.373, 1943
0.373, 1944
0.373, 1945
0.373, 1946
0.373, 1947
0.373, 1948
0.373, 1949
0.373, 1950
0.373, 1951
0.373, 1952
0.373, 1953
0.373, 1954
0.373, 1955
0.374, 1956
0.374, 1957
0.374, 1958
0.374, 1959
0.374, 1960
0.374, 1961
0.374, 1962
0.374, 1963
0.374, 1964
0.374, 1965
0.374, 1966
0.374, 1967
0.374, 1968
0.374, 1969
0.374, 1970
0.374, 1971
0.374, 1972
0.374, 1973
0.374, 1974
0.374, 1975
0.374, 1976
0.374, 1977
0.374, 1978
0.374, 1979
0.374, 1980
0.374, 1981
0.374, 1982
0.375, 1983
0.375, 1984
0.375, 1985
0.375, 1986
0.375, 1987
0.375, 1988
0.375, 1989
0.375, 1990
0.375, 1991
0.375, 1992
0.375, 1993
0.375, 1994
0.375, 1995
0.375, 1996
0.375, 1997
0.375, 1998
0.375, 1999
0.375, 2000
0.375, 2001
0.375, 2002
0.375, 2003
0.375, 2004
0.375, 2005
0.375, 2006
0.375, 2007
0.375, 2008
0.375, 2009
0.375, 2010
0.375, 2011
0.375, 2012
0.376, 2013
0.376, 2014
0.376, 2015
0.376, 2016
0.376, 2017
0.376, 2018
0.376, 2019
0.376, 2020
0.376, 2021
0.376, 2022
0.376, 2023
0.376, 2024
0.376, 2025
0.376, 2026
0.376, 2027
0.376, 2028
0.376, 2029
0.376, 2030
0.377, 2031
0.377, 2032
0.377, 2033
0.377, 2034
0.377, 2035
0.377, 2036
0.377, 2037
0.377, 2038
0.377, 2039
0.377, 2040
0.377, 2041
0.377, 2042
0.377, 2043
0.377, 2044
0.377, 2045
0.377, 2046
0.377, 2047
0.377, 2048
0.377, 2049
0.377, 2050
0.377, 2051
0.378, 2052
0.378, 2053
0.378, 2054
0.378, 2055
0.378, 2056
0.378, 2057
0.378, 2058
0.378, 2059
0.378, 2060
0.378, 2061
0.378, 2062
0.378, 2063
0.378, 2064
0.378, 2065
0.378, 2066
0.378, 2067
0.378, 2068
0.378, 2069
0.378, 2070
0.378, 2071
0.378, 2072
0.378, 2073
0.378, 2074
0.378, 2075
0.378, 2076
0.378, 2077
0.378, 2078
0.378, 2079
0.378, 2080
0.378, 2081
0.379, 2082
0.379, 2083
0.379, 2084
0.379, 2085
0.379, 2086
0.379, 2087
0.379, 2088
0.379, 2089
0.379, 2090
0.379, 2091
0.379, 2092
0.379, 2093
0.379, 2094
0.379, 2095
0.379, 2096
0.379, 2097
0.379, 2098
0.379, 2099
0.379, 2100
0.379, 2101
0.379, 2102
0.379, 2103
0.379, 2104
0.379, 2105
0.379, 2106
0.379, 2107
0.379, 2108
0.379, 2109
0.379, 2110
0.38, 2111
0.38, 2112
0.38, 2113
0.38, 2114
0.38, 2115
0.38, 2116
0.38, 2117
0.38, 2118
0.38, 2119
0.38, 2120
0.38, 2121
0.38, 2122
0.38, 2123
0.38, 2124
0.38, 2125
0.38, 2126
0.38, 2127
0.38, 2128
0.38, 2129
0.38, 2130
0.38, 2131
0.38, 2132
0.38, 2133
0.38, 2134
0.38, 2135
0.38, 2136
0.38, 2137
0.381, 2138
0.381, 2139
0.381, 2140
0.381, 2141
0.381, 2142
0.381, 2143
0.381, 2144
0.381, 2145
0.381, 2146
0.381, 2147
0.381, 2148
0.381, 2149
0.381, 2150
0.381, 2151
0.381, 2152
0.381, 2153
0.381, 2154
0.381, 2155
0.381, 2156
0.381, 2157
0.381, 2158
0.381, 2159
0.381, 2160
0.381, 2161
0.381, 2162
0.381, 2163
0.381, 2164
0.381, 2165
0.381, 2166
0.381, 2167
0.381, 2168
0.381, 2169
0.381, 2170
0.381, 2171
0.381, 2172
0.381, 2173
0.382, 2174
0.382, 2175
0.382, 2176
0.382, 2177
0.382, 2178
0.382, 2179
0.382, 2180
0.382, 2181
0.382, 2182
0.382, 2183
0.382, 2184
0.382, 2185
0.382, 2186
0.382, 2187
0.382, 2188
0.382, 2189
0.382, 2190
0.382, 2191
0.382, 2192
0.382, 2193
0.382, 2194
0.382, 2195
0.382, 2196
0.382, 2197
0.382, 2198
0.382, 2199
0.383, 2200
0.383, 2201
0.383, 2202
0.383, 2203
0.383, 2204
0.383, 2205
0.383, 2206
0.383, 2207
0.383, 2208
0.383, 2209
0.383, 2210
0.383, 2211
0.383, 2212
0.383, 2213
0.383, 2214
0.383, 2215
0.383, 2216
0.383, 2217
0.383, 2218
0.383, 2219
0.383, 2220
0.383, 2221
0.383, 2222
0.383, 2223
0.383, 2224
0.383, 2225
0.383, 2226
0.384, 2227
0.384, 2228
0.384, 2229
0.384, 2230
0.384, 2231
0.384, 2232
0.384, 2233
0.384, 2234
0.384, 2235
0.384, 2236
0.384, 2237
0.384, 2238
0.384, 2239
0.384, 2240
0.384, 2241
0.384, 2242
0.384, 2243
0.384, 2244
0.384, 2245
0.385, 2246
0.385, 2247
0.385, 2248
0.385, 2249
0.385, 2250
0.385, 2251
0.385, 2252
0.385, 2253
0.385, 2254
0.385, 2255
0.385, 2256
0.385, 2257
0.385, 2258
0.385, 2259
0.385, 2260
0.385, 2261
0.385, 2262
0.385, 2263
0.385, 2264
0.385, 2265
0.386, 2266
0.386, 2267
0.386, 2268
0.386, 2269
0.386, 2270
0.386, 2271
0.386, 2272
0.386, 2273
0.386, 2274
0.386, 2275
0.386, 2276
0.386, 2277
0.386, 2278
0.386, 2279
0.386, 2280
0.386, 2281
0.386, 2282
0.386, 2283
0.386, 2284
0.386, 2285
0.386, 2286
0.386, 2287
0.386, 2288
0.386, 2289
0.386, 2290
0.386, 2291
0.386, 2292
0.386, 2293
0.386, 2294
0.387, 2295
0.387, 2296
0.387, 2297
0.387, 2298
0.387, 2299
0.387, 2300
0.387, 2301
0.387, 2302
0.387, 2303
0.387, 2304
0.387, 2305
0.387, 2306
0.387, 2307
0.387, 2308
0.387, 2309
0.387, 2310
0.387, 2311
0.387, 2312
0.387, 2313
0.387, 2314
0.387, 2315
0.387, 2316
0.387, 2317
0.387, 2318
0.387, 2319
0.387, 2320
0.387, 2321
0.387, 2322
0.387, 2323
0.388, 2324
0.388, 2325
0.388, 2326
0.388, 2327
0.388, 2328
0.388, 2329
0.388, 2330
0.388, 2331
0.388, 2332
0.388, 2333
0.388, 2334
0.388, 2335
0.388, 2336
0.388, 2337
0.388, 2338
0.388, 2339
0.388, 2340
0.388, 2341
0.388, 2342
0.389, 2343
0.389, 2344
0.389, 2345
0.389, 2346
0.389, 2347
0.389, 2348
0.389, 2349
0.389, 2350
0.389, 2351
0.389, 2352
0.389, 2353
0.389, 2354
0.389, 2355
0.389, 2356
0.389, 2357
0.389, 2358
0.389, 2359
0.389, 2360
0.389, 2361
0.389, 2362
0.389, 2363
0.389, 2364
0.389, 2365
0.389, 2366
0.389, 2367
0.389, 2368
0.389, 2369
0.389, 2370
0.389, 2371
0.389, 2372
0.39, 2373
0.39, 2374
0.39, 2375
0.39, 2376
0.39, 2377
0.39, 2378
0.39, 2379
0.39, 2380
0.39, 2381
0.39, 2382
0.39, 2383
0.39, 2384
0.39, 2385
0.39, 2386
0.39, 2387
0.39, 2388
0.39, 2389
0.39, 2390
0.39, 2391
0.39, 2392
0.39, 2393
0.39, 2394
0.39, 2395
0.39, 2396
0.39, 2397
0.39, 2398
0.391, 2399
0.391, 2400
0.391, 2401
0.391, 2402
0.391, 2403
0.391, 2404
0.391, 2405
0.391, 2406
0.391, 2407
0.391, 2408
0.391, 2409
0.391, 2410
0.391, 2411
0.391, 2412
0.391, 2413
0.391, 2414
0.391, 2415
0.391, 2416
0.392, 2417
0.392, 2418
0.392, 2419
0.392, 2420
0.392, 2421
0.392, 2422
0.392, 2423
0.392, 2424
0.392, 2425
0.392, 2426
0.392, 2427
0.392, 2428
0.392, 2429
0.392, 2430
0.392, 2431
0.392, 2432
0.392, 2433
0.392, 2434
0.392, 2435
0.392, 2436
0.392, 2437
0.392, 2438
0.392, 2439
0.392, 2440
0.392, 2441
0.392, 2442
0.392, 2443
0.392, 2444
0.392, 2445
0.393, 2446
0.393, 2447
0.393, 2448
0.393, 2449
0.393, 2450
0.393, 2451
0.393, 2452
0.393, 2453
0.393, 2454
0.393, 2455
0.393, 2456
0.393, 2457
0.393, 2458
0.393, 2459
0.393, 2460
0.393, 2461
0.393, 2462
0.393, 2463
0.393, 2464
0.393, 2465
0.393, 2466
0.393, 2467
0.393, 2468
0.393, 2469
0.393, 2470
0.393, 2471
0.393, 2472
0.393, 2473
0.393, 2474
0.394, 2475
0.394, 2476
0.394, 2477
0.394, 2478
0.394, 2479
0.394, 2480
0.394, 2481
0.394, 2482
0.394, 2483
0.394, 2484
0.394, 2485
0.394, 2486
0.394, 2487
0.394, 2488
0.394, 2489
0.394, 2490
0.394, 2491
0.394, 2492
0.394, 2493
0.394, 2494
0.394, 2495
0.394, 2496
0.394, 2497
0.394, 2498
0.394, 2499
0.394, 2500
0.394, 2501
0.394, 2502
0.395, 2503
0.395, 2504
0.395, 2505
0.395, 2506
0.395, 2507
0.395, 2508
0.395, 2509
0.395, 2510
0.395, 2511
0.395, 2512
0.395, 2513
0.395, 2514
0.395, 2515
0.395, 2516
0.395, 2517
0.395, 2518
0.395, 2519
0.395, 2520
0.395, 2521
0.395, 2522
0.395, 2523
0.395, 2524
0.395, 2525
0.395, 2526
0.395, 2527
0.395, 2528
0.395, 2529
0.395, 2530
0.395, 2531
0.395, 2532
0.395, 2533
0.395, 2534
0.396, 2535
0.396, 2536
0.396, 2537
0.396, 2538
0.396, 2539
0.396, 2540
0.396, 2541
0.396, 2542
0.396, 2543
0.396, 2544
0.396, 2545
0.396, 2546
0.396, 2547
0.396, 2548
0.396, 2549
0.396, 2550
0.396, 2551
0.396, 2552
0.396, 2553
0.396, 2554
0.396, 2555
0.396, 2556
0.397, 2557
0.397, 2558
0.397, 2559
0.397, 2560
0.397, 2561
0.397, 2562
0.397, 2563
0.397, 2564
0.397, 2565
0.397, 2566
0.397, 2567
0.397, 2568
0.397, 2569
0.397, 2570
0.397, 2571
0.397, 2572
0.397, 2573
0.397, 2574
0.397, 2575
0.397, 2576
0.397, 2577
0.397, 2578
0.397, 2579
0.398, 2580
0.398, 2581
0.398, 2582
0.398, 2583
0.398, 2584
0.398, 2585
0.398, 2586
0.398, 2587
0.398, 2588
0.398, 2589
0.398, 2590
0.398, 2591
0.398, 2592
0.398, 2593
0.398, 2594
0.398, 2595
0.399, 2596
0.399, 2597
0.399, 2598
0.399, 2599
0.399, 2600
0.399, 2601
0.399, 2602
0.399, 2603
0.399, 2604
0.399, 2605
0.399, 2606
0.399, 2607
0.399, 2608
0.399, 2609
0.4, 2610
0.4, 2611
0.4, 2612
0.4, 2613
0.4, 2614
0.4, 2615
0.4, 2616
0.4, 2617
0.4, 2618
0.4, 2619
0.4, 2620
0.4, 2621
0.4, 2622
0.4, 2623
0.401, 2624
0.401, 2625
0.401, 2626
0.401, 2627
0.401, 2628
0.401, 2629
0.401, 2630
0.401, 2631
0.401, 2632
0.401, 2633
0.401, 2634
0.401, 2635
0.401, 2636
0.401, 2637
0.401, 2638
0.401, 2639
0.401, 2640
0.401, 2641
0.401, 2642
0.401, 2643
0.401, 2644
0.401, 2645
0.401, 2646
0.402, 2647
0.402, 2648
0.402, 2649
0.402, 2650
0.402, 2651
0.402, 2652
0.402, 2653
0.402, 2654
0.402, 2655
0.402, 2656
0.402, 2657
0.402, 2658
0.402, 2659
0.402, 2660
0.402, 2661
0.402, 2662
0.402, 2663
0.402, 2664
0.402, 2665
0.402, 2666
0.402, 2667
0.402, 2668
0.403, 2669
0.403, 2670
0.403, 2671
0.403, 2672
0.403, 2673
0.403, 2674
0.403, 2675
0.403, 2676
0.403, 2677
0.403, 2678
0.403, 2679
0.403, 2680
0.403, 2681
0.403, 2682
0.403, 2683
0.403, 2684
0.403, 2685
0.403, 2686
0.403, 2687
0.403, 2688
0.403, 2689
0.403, 2690
0.404, 2691
0.404, 2692
0.404, 2693
0.404, 2694
0.404, 2695
0.404, 2696
0.404, 2697
0.404, 2698
0.404, 2699
0.404, 2700
0.404, 2701
0.404, 2702
0.404, 2703
0.404, 2704
0.404, 2705
0.404, 2706
0.404, 2707
0.404, 2708
0.405, 2709
0.405, 2710
0.405, 2711
0.405, 2712
0.405, 2713
0.405, 2714
0.405, 2715
0.405, 2716
0.405, 2717
0.405, 2718
0.405, 2719
0.405, 2720
0.405, 2721
0.405, 2722
0.405, 2723
0.405, 2724
0.405, 2725
0.405, 2726
0.405, 2727
0.405, 2728
0.405, 2729
0.405, 2730
0.405, 2731
0.405, 2732
0.405, 2733
0.405, 2734
0.406, 2735
0.406, 2736
0.406, 2737
0.406, 2738
0.406, 2739
0.406, 2740
0.406, 2741
0.406, 2742
0.406, 2743
0.406, 2744
0.406, 2745
0.406, 2746
0.406, 2747
0.406, 2748
0.406, 2749
0.406, 2750
0.406, 2751
0.406, 2752
0.407, 2753
0.407, 2754
0.407, 2755
0.407, 2756
0.407, 2757
0.407, 2758
0.407, 2759
0.407, 2760
0.407, 2761
0.407, 2762
0.407, 2763
0.407, 2764
0.407, 2765
0.407, 2766
0.407, 2767
0.407, 2768
0.407, 2769
0.407, 2770
0.407, 2771
0.407, 2772
0.407, 2773
0.407, 2774
0.407, 2775
0.407, 2776
0.407, 2777
0.407, 2778
0.408, 2779
0.408, 2780
0.408, 2781
0.408, 2782
0.408, 2783
0.408, 2784
0.408, 2785
0.408, 2786
0.408, 2787
0.408, 2788
0.408, 2789
0.408, 2790
0.408, 2791
0.408, 2792
0.408, 2793
0.408, 2794
0.408, 2795
0.408, 2796
0.408, 2797
0.408, 2798
0.408, 2799
0.409, 2800
0.409, 2801
0.409, 2802
0.409, 2803
0.409, 2804
0.409, 2805
0.409, 2806
0.409, 2807
0.409, 2808
0.409, 2809
0.409, 2810
0.409, 2811
0.409, 2812
0.409, 2813
0.409, 2814
0.409, 2815
0.409, 2816
0.409, 2817
0.409, 2818
0.409, 2819
0.41, 2820
0.41, 2821
0.41, 2822
0.41, 2823
0.41, 2824
0.41, 2825
0.41, 2826
0.41, 2827
0.41, 2828
0.41, 2829
0.41, 2830
0.41, 2831
0.41, 2832
0.41, 2833
0.41, 2834
0.41, 2835
0.41, 2836
0.41, 2837
0.41, 2838
0.41, 2839
0.41, 2840
0.411, 2841
0.411, 2842
0.411, 2843
0.411, 2844
0.411, 2845
0.411, 2846
0.411, 2847
0.411, 2848
0.411, 2849
0.411, 2850
0.411, 2851
0.411, 2852
0.411, 2853
0.411, 2854
0.411, 2855
0.411, 2856
0.411, 2857
0.412, 2858
0.412, 2859
0.412, 2860
0.412, 2861
0.412, 2862
0.412, 2863
0.412, 2864
0.412, 2865
0.412, 2866
0.412, 2867
0.412, 2868
0.412, 2869
0.412, 2870
0.412, 2871
0.412, 2872
0.413, 2873
0.413, 2874
0.413, 2875
0.413, 2876
0.413, 2877
0.413, 2878
0.413, 2879
0.413, 2880
0.413, 2881
0.413, 2882
0.413, 2883
0.413, 2884
0.413, 2885
0.413, 2886
0.413, 2887
0.413, 2888
0.413, 2889
0.413, 2890
0.413, 2891
0.413, 2892
0.413, 2893
0.413, 2894
0.413, 2895
0.413, 2896
0.413, 2897
0.413, 2898
0.413, 2899
0.413, 2900
0.413, 2901
0.414, 2902
0.414, 2903
0.414, 2904
0.414, 2905
0.414, 2906
0.414, 2907
0.414, 2908
0.414, 2909
0.414, 2910
0.414, 2911
0.414, 2912
0.414, 2913
0.414, 2914
0.414, 2915
0.414, 2916
0.414, 2917
0.414, 2918
0.414, 2919
0.414, 2920
0.414, 2921
0.414, 2922
0.414, 2923
0.414, 2924
0.414, 2925
0.414, 2926
0.414, 2927
0.415, 2928
0.415, 2929
0.415, 2930
0.415, 2931
0.415, 2932
0.415, 2933
0.415, 2934
0.415, 2935
0.415, 2936
0.415, 2937
0.415, 2938
0.415, 2939
0.415, 2940
0.415, 2941
0.415, 2942
0.415, 2943
0.415, 2944
0.415, 2945
0.415, 2946
0.415, 2947
0.416, 2948
0.416, 2949
0.416, 2950
0.416, 2951
0.416, 2952
0.416, 2953
0.416, 2954
0.416, 2955
0.416, 2956
0.416, 2957
0.416, 2958
0.416, 2959
0.416, 2960
0.416, 2961
0.416, 2962
0.416, 2963
0.416, 2964
0.417, 2965
0.417, 2966
0.417, 2967
0.417, 2968
0.417, 2969
0.417, 2970
0.417, 2971
0.417, 2972
0.417, 2973
0.417, 2974
0.417, 2975
0.417, 2976
0.417, 2977
0.417, 2978
0.417, 2979
0.417, 2980
0.417, 2981
0.417, 2982
0.417, 2983
0.417, 2984
0.418, 2985
0.418, 2986
0.418, 2987
0.418, 2988
0.418, 2989
0.418, 2990
0.418, 2991
0.418, 2992
0.418, 2993
0.418, 2994
0.418, 2995
0.418, 2996
0.418, 2997
0.418, 2998
0.418, 2999
0.418, 3000
0.418, 3001
0.418, 3002
0.418, 3003
0.418, 3004
0.418, 3005
0.418, 3006
0.419, 3007
0.419, 3008
0.419, 3009
0.419, 3010
0.419, 3011
0.419, 3012
0.419, 3013
0.419, 3014
0.419, 3015
0.419, 3016
0.419, 3017
0.419, 3018
0.419, 3019
0.419, 3020
0.419, 3021
0.419, 3022
0.419, 3023
0.419, 3024
0.42, 3025
0.42, 3026
0.42, 3027
0.42, 3028
0.42, 3029
0.42, 3030
0.42, 3031
0.42, 3032
0.42, 3033
0.42, 3034
0.42, 3035
0.42, 3036
0.42, 3037
0.42, 3038
0.42, 3039
0.42, 3040
0.42, 3041
0.42, 3042
0.421, 3043
0.421, 3044
0.421, 3045
0.421, 3046
0.421, 3047
0.421, 3048
0.421, 3049
0.421, 3050
0.421, 3051
0.421, 3052
0.421, 3053
0.421, 3054
0.421, 3055
0.421, 3056
0.421, 3057
0.421, 3058
0.421, 3059
0.421, 3060
0.422, 3061
0.422, 3062
0.422, 3063
0.422, 3064
0.422, 3065
0.422, 3066
0.422, 3067
0.422, 3068
0.422, 3069
0.422, 3070
0.422, 3071
0.422, 3072
0.422, 3073
0.422, 3074
0.422, 3075
0.422, 3076
0.422, 3077
0.422, 3078
0.422, 3079
0.423, 3080
0.423, 3081
0.423, 3082
0.423, 3083
0.423, 3084
0.423, 3085
0.423, 3086
0.423, 3087
0.423, 3088
0.424, 3089
0.424, 3090
0.424, 3091
0.424, 3092
0.424, 3093
0.424, 3094
0.424, 3095
0.424, 3096
0.424, 3097
0.424, 3098
0.424, 3099
0.424, 3100
0.424, 3101
0.424, 3102
0.424, 3103
0.425, 3104
0.425, 3105
0.425, 3106
0.425, 3107
0.425, 3108
0.425, 3109
0.425, 3110
0.425, 3111
0.425, 3112
0.425, 3113
0.426, 3114
0.426, 3115
0.426, 3116
0.426, 3117
0.426, 3118
0.426, 3119
0.426, 3120
0.426, 3121
0.426, 3122
0.426, 3123
0.426, 3124
0.426, 3125
0.426, 3126
0.426, 3127
0.427, 3128
0.427, 3129
0.427, 3130
0.427, 3131
0.427, 3132
0.427, 3133
0.427, 3134
0.427, 3135
0.427, 3136
0.427, 3137
0.427, 3138
0.427, 3139
0.427, 3140
0.427, 3141
0.427, 3142
0.427, 3143
0.427, 3144
0.427, 3145
0.427, 3146
0.427, 3147
0.427, 3148
0.428, 3149
0.428, 3150
0.428, 3151
0.428, 3152
0.428, 3153
0.428, 3154
0.428, 3155
0.428, 3156
0.428, 3157
0.428, 3158
0.428, 3159
0.428, 3160
0.428, 3161
0.428, 3162
0.428, 3163
0.428, 3164
0.429, 3165
0.429, 3166
0.429, 3167
0.429, 3168
0.429, 3169
0.429, 3170
0.429, 3171
0.429, 3172
0.429, 3173
0.429, 3174
0.429, 3175
0.429, 3176
0.429, 3177
0.43, 3178
0.43, 3179
0.43, 3180
0.43, 3181
0.43, 3182
0.43, 3183
0.43, 3184
0.43, 3185
0.43, 3186
0.43, 3187
0.43, 3188
0.43, 3189
0.43, 3190
0.43, 3191
0.43, 3192
0.43, 3193
0.43, 3194
0.431, 3195
0.431, 3196
0.431, 3197
0.431, 3198
0.431, 3199
0.431, 3200
0.431, 3201
0.431, 3202
0.431, 3203
0.431, 3204
0.431, 3205
0.431, 3206
0.431, 3207
0.431, 3208
0.431, 3209
0.431, 3210
0.431, 3211
0.431, 3212
0.431, 3213
0.431, 3214
0.431, 3215
0.432, 3216
0.432, 3217
0.432, 3218
0.432, 3219
0.432, 3220
0.432, 3221
0.432, 3222
0.432, 3223
0.432, 3224
0.432, 3225
0.432, 3226
0.432, 3227
0.432, 3228
0.432, 3229
0.432, 3230
0.432, 3231
0.432, 3232
0.432, 3233
0.432, 3234
0.432, 3235
0.432, 3236
0.432, 3237
0.432, 3238
0.432, 3239
0.432, 3240
0.432, 3241
0.433, 3242
0.433, 3243
0.433, 3244
0.433, 3245
0.433, 3246
0.433, 3247
0.433, 3248
0.433, 3249
0.433, 3250
0.433, 3251
0.433, 3252
0.433, 3253
0.433, 3254
0.433, 3255
0.433, 3256
0.433, 3257
0.433, 3258
0.433, 3259
0.434, 3260
0.434, 3261
0.434, 3262
0.434, 3263
0.434, 3264
0.434, 3265
0.434, 3266
0.434, 3267
0.434, 3268
0.434, 3269
0.434, 3270
0.434, 3271
0.434, 3272
0.434, 3273
0.434, 3274
0.434, 3275
0.434, 3276
0.435, 3277
0.435, 3278
0.435, 3279
0.435, 3280
0.435, 3281
0.435, 3282
0.435, 3283
0.435, 3284
0.435, 3285
0.435, 3286
0.435, 3287
0.435, 3288
0.435, 3289
0.435, 3290
0.435, 3291
0.436, 3292
0.436, 3293
0.436, 3294
0.436, 3295
0.436, 3296
0.436, 3297
0.436, 3298
0.436, 3299
0.436, 3300
0.436, 3301
0.436, 3302
0.436, 3303
0.437, 3304
0.437, 3305
0.437, 3306
0.437, 3307
0.437, 3308
0.437, 3309
0.437, 3310
0.437, 3311
0.437, 3312
0.437, 3313
0.437, 3314
0.437, 3315
0.437, 3316
0.437, 3317
0.437, 3318
0.437, 3319
0.438, 3320
0.438, 3321
0.438, 3322
0.438, 3323
0.438, 3324
0.438, 3325
0.438, 3326
0.438, 3327
0.438, 3328
0.438, 3329
0.438, 3330
0.438, 3331
0.438, 3332
0.438, 3333
0.438, 3334
0.438, 3335
0.438, 3336
0.438, 3337
0.439, 3338
0.439, 3339
0.439, 3340
0.439, 3341
0.439, 3342
0.439, 3343
0.439, 3344
0.439, 3345
0.439, 3346
0.439, 3347
0.439, 3348
0.439, 3349
0.439, 3350
0.439, 3351
0.439, 3352
0.439, 3353
0.44, 3354
0.44, 3355
0.44, 3356
0.44, 3357
0.44, 3358
0.44, 3359
0.44, 3360
0.44, 3361
0.44, 3362
0.44, 3363
0.44, 3364
0.44, 3365
0.44, 3366
0.44, 3367
0.44, 3368
0.441, 3369
0.441, 3370
0.441, 3371
0.441, 3372
0.441, 3373
0.441, 3374
0.441, 3375
0.441, 3376
0.441, 3377
0.441, 3378
0.441, 3379
0.441, 3380
0.441, 3381
0.441, 3382
0.441, 3383
0.442, 3384
0.442, 3385
0.442, 3386
0.442, 3387
0.442, 3388
0.442, 3389
0.442, 3390
0.442, 3391
0.442, 3392
0.442, 3393
0.442, 3394
0.442, 3395
0.442, 3396
0.442, 3397
0.442, 3398
0.443, 3399
0.443, 3400
0.443, 3401
0.443, 3402
0.443, 3403
0.443, 3404
0.443, 3405
0.443, 3406
0.443, 3407
0.443, 3408
0.443, 3409
0.444, 3410
0.444, 3411
0.444, 3412
0.444, 3413
0.444, 3414
0.444, 3415
0.444, 3416
0.444, 3417
0.444, 3418
0.444, 3419
0.444, 3420
0.444, 3421
0.444, 3422
0.444, 3423
0.444, 3424
0.445, 3425
0.445, 3426
0.445, 3427
0.445, 3428
0.445, 3429
0.445, 3430
0.445, 3431
0.445, 3432
0.445, 3433
0.445, 3434
0.445, 3435
0.445, 3436
0.445, 3437
0.445, 3438
0.445, 3439
0.445, 3440
0.446, 3441
0.446, 3442
0.446, 3443
0.446, 3444
0.446, 3445
0.446, 3446
0.446, 3447
0.446, 3448
0.446, 3449
0.446, 3450
0.446, 3451
0.446, 3452
0.446, 3453
0.446, 3454
0.446, 3455
0.446, 3456
0.446, 3457
0.446, 3458
0.446, 3459
0.447, 3460
0.447, 3461
0.447, 3462
0.447, 3463
0.447, 3464
0.447, 3465
0.447, 3466
0.447, 3467
0.447, 3468
0.447, 3469
0.447, 3470
0.447, 3471
0.447, 3472
0.448, 3473
0.448, 3474
0.448, 3475
0.448, 3476
0.448, 3477
0.448, 3478
0.448, 3479
0.448, 3480
0.448, 3481
0.448, 3482
0.448, 3483
0.448, 3484
0.448, 3485
0.449, 3486
0.449, 3487
0.449, 3488
0.449, 3489
0.449, 3490
0.449, 3491
0.449, 3492
0.449, 3493
0.449, 3494
0.449, 3495
0.449, 3496
0.449, 3497
0.449, 3498
0.449, 3499
0.449, 3500
0.449, 3501
0.449, 3502
0.449, 3503
0.449, 3504
0.449, 3505
0.449, 3506
0.449, 3507
0.449, 3508
0.449, 3509
0.45, 3510
0.45, 3511
0.45, 3512
0.45, 3513
0.45, 3514
0.45, 3515
0.45, 3516
0.45, 3517
0.45, 3518
0.45, 3519
0.451, 3520
0.451, 3521
0.451, 3522
0.451, 3523
0.451, 3524
0.451, 3525
0.451, 3526
0.451, 3527
0.451, 3528
0.451, 3529
0.452, 3530
0.452, 3531
0.452, 3532
0.452, 3533
0.452, 3534
0.452, 3535
0.452, 3536
0.452, 3537
0.452, 3538
0.452, 3539
0.452, 3540
0.452, 3541
0.452, 3542
0.452, 3543
0.452, 3544
0.452, 3545
0.452, 3546
0.452, 3547
0.452, 3548
0.452, 3549
0.452, 3550
0.452, 3551
0.452, 3552
0.452, 3553
0.452, 3554
0.453, 3555
0.453, 3556
0.453, 3557
0.453, 3558
0.453, 3559
0.453, 3560
0.453, 3561
0.453, 3562
0.453, 3563
0.453, 3564
0.453, 3565
0.453, 3566
0.453, 3567
0.453, 3568
0.453, 3569
0.453, 3570
0.453, 3571
0.453, 3572
0.454, 3573
0.454, 3574
0.454, 3575
0.454, 3576
0.454, 3577
0.454, 3578
0.454, 3579
0.454, 3580
0.454, 3581
0.454, 3582
0.454, 3583
0.454, 3584
0.454, 3585
0.454, 3586
0.454, 3587
0.454, 3588
0.454, 3589
0.454, 3590
0.454, 3591
0.454, 3592
0.454, 3593
0.454, 3594
0.455, 3595
0.455, 3596
0.455, 3597
0.455, 3598
0.455, 3599
0.455, 3600
0.455, 3601
0.455, 3602
0.455, 3603
0.455, 3604
0.455, 3605
0.455, 3606
0.455, 3607
0.455, 3608
0.456, 3609
0.456, 3610
0.456, 3611
0.456, 3612
0.456, 3613
0.456, 3614
0.456, 3615
0.456, 3616
0.456, 3617
0.456, 3618
0.456, 3619
0.456, 3620
0.456, 3621
0.457, 3622
0.457, 3623
0.457, 3624
0.457, 3625
0.457, 3626
0.457, 3627
0.457, 3628
0.457, 3629
0.457, 3630
0.457, 3631
0.457, 3632
0.457, 3633
0.457, 3634
0.457, 3635
0.457, 3636
0.457, 3637
0.458, 3638
0.458, 3639
0.458, 3640
0.458, 3641
0.458, 3642
0.458, 3643
0.458, 3644
0.458, 3645
0.458, 3646
0.458, 3647
0.458, 3648
0.458, 3649
0.458, 3650
0.458, 3651
0.458, 3652
0.458, 3653
0.458, 3654
0.458, 3655
0.458, 3656
0.458, 3657
0.459, 3658
0.459, 3659
0.459, 3660
0.459, 3661
0.459, 3662
0.459, 3663
0.459, 3664
0.459, 3665
0.459, 3666
0.459, 3667
0.459, 3668
0.459, 3669
0.459, 3670
0.459, 3671
0.459, 3672
0.459, 3673
0.459, 3674
0.459, 3675
0.46, 3676
0.46, 3677
0.46, 3678
0.46, 3679
0.46, 3680
0.46, 3681
0.46, 3682
0.46, 3683
0.46, 3684
0.46, 3685
0.46, 3686
0.46, 3687
0.46, 3688
0.461, 3689
0.461, 3690
0.461, 3691
0.461, 3692
0.461, 3693
0.461, 3694
0.461, 3695
0.461, 3696
0.461, 3697
0.461, 3698
0.461, 3699
0.461, 3700
0.462, 3701
0.462, 3702
0.462, 3703
0.462, 3704
0.462, 3705
0.462, 3706
0.462, 3707
0.462, 3708
0.462, 3709
0.462, 3710
0.462, 3711
0.462, 3712
0.462, 3713
0.462, 3714
0.462, 3715
0.462, 3716
0.462, 3717
0.463, 3718
0.463, 3719
0.463, 3720
0.463, 3721
0.463, 3722
0.463, 3723
0.463, 3724
0.463, 3725
0.463, 3726
0.463, 3727
0.463, 3728
0.463, 3729
0.463, 3730
0.463, 3731
0.463, 3732
0.463, 3733
0.463, 3734
0.463, 3735
0.463, 3736
0.463, 3737
0.463, 3738
0.463, 3739
0.463, 3740
0.464, 3741
0.464, 3742
0.464, 3743
0.464, 3744
0.464, 3745
0.464, 3746
0.464, 3747
0.464, 3748
0.464, 3749
0.464, 3750
0.464, 3751
0.464, 3752
0.464, 3753
0.464, 3754
0.464, 3755
0.464, 3756
0.465, 3757
0.465, 3758
0.465, 3759
0.465, 3760
0.465, 3761
0.465, 3762
0.465, 3763
0.465, 3764
0.465, 3765
0.465, 3766
0.465, 3767
0.466, 3768
0.466, 3769
0.466, 3770
0.466, 3771
0.466, 3772
0.466, 3773
0.466, 3774
0.466, 3775
0.466, 3776
0.466, 3777
0.466, 3778
0.466, 3779
0.466, 3780
0.466, 3781
0.467, 3782
0.467, 3783
0.467, 3784
0.467, 3785
0.467, 3786
0.467, 3787
0.467, 3788
0.467, 3789
0.467, 3790
0.467, 3791
0.467, 3792
0.467, 3793
0.467, 3794
0.467, 3795
0.467, 3796
0.467, 3797
0.467, 3798
0.467, 3799
0.467, 3800
0.467, 3801
0.467, 3802
0.468, 3803
0.468, 3804
0.468, 3805
0.468, 3806
0.468, 3807
0.468, 3808
0.468, 3809
0.468, 3810
0.468, 3811
0.468, 3812
0.468, 3813
0.468, 3814
0.468, 3815
0.468, 3816
0.468, 3817
0.468, 3818
0.469, 3819
0.469, 3820
0.469, 3821
0.469, 3822
0.469, 3823
0.469, 3824
0.469, 3825
0.469, 3826
0.469, 3827
0.469, 3828
0.469, 3829
0.469, 3830
0.469, 3831
0.469, 3832
0.469, 3833
0.469, 3834
0.469, 3835
0.469, 3836
0.469, 3837
0.469, 3838
0.469, 3839
0.469, 3840
0.469, 3841
0.469, 3842
0.47, 3843
0.47, 3844
0.47, 3845
0.47, 3846
0.47, 3847
0.47, 3848
0.47, 3849
0.47, 3850
0.47, 3851
0.471, 3852
0.471, 3853
0.471, 3854
0.471, 3855
0.471, 3856
0.471, 3857
0.471, 3858
0.471, 3859
0.471, 3860
0.471, 3861
0.471, 3862
0.472, 3863
0.472, 3864
0.472, 3865
0.472, 3866
0.472, 3867
0.472, 3868
0.472, 3869
0.472, 3870
0.472, 3871
0.472, 3872
0.472, 3873
0.472, 3874
0.473, 3875
0.473, 3876
0.473, 3877
0.473, 3878
0.473, 3879
0.473, 3880
0.473, 3881
0.473, 3882
0.473, 3883
0.473, 3884
0.473, 3885
0.473, 3886
0.473, 3887
0.473, 3888
0.473, 3889
0.473, 3890
0.473, 3891
0.473, 3892
0.473, 3893
0.473, 3894
0.474, 3895
0.474, 3896
0.474, 3897
0.474, 3898
0.474, 3899
0.474, 3900
0.474, 3901
0.474, 3902
0.474, 3903
0.474, 3904
0.474, 3905
0.474, 3906
0.474, 3907
0.474, 3908
0.475, 3909
0.475, 3910
0.475, 3911
0.475, 3912
0.475, 3913
0.475, 3914
0.475, 3915
0.475, 3916
0.475, 3917
0.475, 3918
0.475, 3919
0.475, 3920
0.475, 3921
0.476, 3922
0.476, 3923
0.476, 3924
0.476, 3925
0.476, 3926
0.476, 3927
0.476, 3928
0.476, 3929
0.476, 3930
0.476, 3931
0.476, 3932
0.476, 3933
0.476, 3934
0.476, 3935
0.476, 3936
0.477, 3937
0.477, 3938
0.477, 3939
0.477, 3940
0.477, 3941
0.477, 3942
0.477, 3943
0.477, 3944
0.477, 3945
0.477, 3946
0.478, 3947
0.478, 3948
0.478, 3949
0.478, 3950
0.478, 3951
0.478, 3952
0.478, 3953
0.478, 3954
0.478, 3955
0.478, 3956
0.478, 3957
0.478, 3958
0.478, 3959
0.478, 3960
0.478, 3961
0.478, 3962
0.479, 3963
0.479, 3964
0.479, 3965
0.479, 3966
0.479, 3967
0.479, 3968
0.479, 3969
0.479, 3970
0.479, 3971
0.479, 3972
0.479, 3973
0.479, 3974
0.479, 3975
0.479, 3976
0.479, 3977
0.479, 3978
0.479, 3979
0.479, 3980
0.479, 3981
0.479, 3982
0.479, 3983
0.48, 3984
0.48, 3985
0.48, 3986
0.48, 3987
0.48, 3988
0.48, 3989
0.48, 3990
0.48, 3991
0.48, 3992
0.48, 3993
0.48, 3994
0.48, 3995
0.481, 3996
0.481, 3997
0.481, 3998
0.481, 3999
0.481, 4000
0.481, 4001
0.481, 4002
0.481, 4003
0.481, 4004
0.481, 4005
0.481, 4006
0.481, 4007
0.482, 4008
0.482, 4009
0.482, 4010
0.482, 4011
0.482, 4012
0.482, 4013
0.482, 4014
0.482, 4015
0.482, 4016
0.482, 4017
0.482, 4018
0.482, 4019
0.482, 4020
0.482, 4021
0.482, 4022
0.482, 4023
0.482, 4024
0.482, 4025
0.482, 4026
0.482, 4027
0.482, 4028
0.483, 4029
0.483, 4030
0.483, 4031
0.483, 4032
0.483, 4033
0.483, 4034
0.483, 4035
0.483, 4036
0.483, 4037
0.483, 4038
0.483, 4039
0.483, 4040
0.483, 4041
0.483, 4042
0.483, 4043
0.483, 4044
0.484, 4045
0.484, 4046
0.484, 4047
0.484, 4048
0.484, 4049
0.484, 4050
0.484, 4051
0.484, 4052
0.484, 4053
0.484, 4054
0.484, 4055
0.484, 4056
0.484, 4057
0.484, 4058
0.484, 4059
0.484, 4060
0.484, 4061
0.484, 4062
0.484, 4063
0.484, 4064
0.485, 4065
0.485, 4066
0.485, 4067
0.485, 4068
0.485, 4069
0.485, 4070
0.485, 4071
0.485, 4072
0.485, 4073
0.485, 4074
0.485, 4075
0.485, 4076
0.485, 4077
0.485, 4078
0.485, 4079
0.485, 4080
0.486, 4081
0.486, 4082
0.486, 4083
0.486, 4084
0.486, 4085
0.486, 4086
0.486, 4087
0.486, 4088
0.486, 4089
0.486, 4090
0.486, 4091
0.486, 4092
0.486, 4093
0.486, 4094
0.486, 4095
0.486, 4096
0.486, 4097
0.486, 4098
0.486, 4099
0.486, 4100
0.487, 4101
0.487, 4102
0.487, 4103
0.487, 4104
0.487, 4105
0.487, 4106
0.487, 4107
0.487, 4108
0.487, 4109
0.487, 4110
0.487, 4111
0.487, 4112
0.487, 4113
0.487, 4114
0.487, 4115
0.488, 4116
0.488, 4117
0.488, 4118
0.488, 4119
0.488, 4120
0.488, 4121
0.488, 4122
0.488, 4123
0.488, 4124
0.488, 4125
0.488, 4126
0.488, 4127
0.488, 4128
0.488, 4129
0.488, 4130
0.488, 4131
0.488, 4132
0.488, 4133
0.489, 4134
0.489, 4135
0.489, 4136
0.489, 4137
0.489, 4138
0.489, 4139
0.489, 4140
0.489, 4141
0.489, 4142
0.489, 4143
0.489, 4144
0.489, 4145
0.489, 4146
0.49, 4147
0.49, 4148
0.49, 4149
0.49, 4150
0.49, 4151
0.49, 4152
0.49, 4153
0.49, 4154
0.49, 4155
0.49, 4156
0.49, 4157
0.49, 4158
0.49, 4159
0.49, 4160
0.49, 4161
0.49, 4162
0.49, 4163
0.49, 4164
0.491, 4165
0.491, 4166
0.491, 4167
0.491, 4168
0.491, 4169
0.491, 4170
0.491, 4171
0.491, 4172
0.491, 4173
0.491, 4174
0.491, 4175
0.491, 4176
0.491, 4177
0.491, 4178
0.491, 4179
0.491, 4180
0.491, 4181
0.491, 4182
0.491, 4183
0.491, 4184
0.492, 4185
0.492, 4186
0.492, 4187
0.492, 4188
0.492, 4189
0.492, 4190
0.492, 4191
0.492, 4192
0.492, 4193
0.492, 4194
0.492, 4195
0.492, 4196
0.492, 4197
0.492, 4198
0.493, 4199
0.493, 4200
0.493, 4201
0.493, 4202
0.493, 4203
0.493, 4204
0.493, 4205
0.493, 4206
0.493, 4207
0.493, 4208
0.493, 4209
0.494, 4210
0.494, 4211
0.494, 4212
0.494, 4213
0.494, 4214
0.494, 4215
0.494, 4216
0.494, 4217
0.494, 4218
0.494, 4219
0.494, 4220
0.494, 4221
0.494, 4222
0.494, 4223
0.494, 4224
0.494, 4225
0.494, 4226
0.494, 4227
0.494, 4228
0.495, 4229
0.495, 4230
0.495, 4231
0.495, 4232
0.495, 4233
0.495, 4234
0.495, 4235
0.495, 4236
0.495, 4237
0.495, 4238
0.495, 4239
0.495, 4240
0.495, 4241
0.495, 4242
0.495, 4243
0.495, 4244
0.495, 4245
0.495, 4246
0.495, 4247
0.496, 4248
0.496, 4249
0.496, 4250
0.496, 4251
0.496, 4252
0.496, 4253
0.496, 4254
0.496, 4255
0.497, 4256
0.497, 4257
0.497, 4258
0.497, 4259
0.497, 4260
0.497, 4261
0.497, 4262
0.497, 4263
0.497, 4264
0.497, 4265
0.498, 4266
0.498, 4267
0.498, 4268
0.498, 4269
0.498, 4270
0.498, 4271
0.498, 4272
0.498, 4273
0.498, 4274
0.498, 4275
0.498, 4276
0.498, 4277
0.498, 4278
0.498, 4279
0.499, 4280
0.499, 4281
0.499, 4282
0.499, 4283
0.499, 4284
0.499, 4285
0.499, 4286
0.499, 4287
0.499, 4288
0.5, 4289
0.5, 4290
0.5, 4291
0.5, 4292
0.5, 4293
0.5, 4294
0.5, 4295
0.5, 4296
0.5, 4297
0.5, 4298
0.5, 4299
0.501, 4300
0.501, 4301
0.501, 4302
0.501, 4303
0.501, 4304
0.501, 4305
0.501, 4306
0.501, 4307
0.501, 4308
0.501, 4309
0.501, 4310
0.501, 4311
0.501, 4312
0.501, 4313
0.501, 4314
0.501, 4315
0.501, 4316
0.501, 4317
0.501, 4318
0.501, 4319
0.501, 4320
0.501, 4321
0.501, 4322
0.501, 4323
0.501, 4324
0.501, 4325
0.501, 4326
0.502, 4327
0.502, 4328
0.502, 4329
0.502, 4330
0.502, 4331
0.503, 4332
0.503, 4333
0.503, 4334
0.503, 4335
0.503, 4336
0.503, 4337
0.503, 4338
0.503, 4339
0.503, 4340
0.503, 4341
0.503, 4342
0.503, 4343
0.503, 4344
0.503, 4345
0.503, 4346
0.503, 4347
0.504, 4348
0.504, 4349
0.504, 4350
0.504, 4351
0.504, 4352
0.504, 4353
0.504, 4354
0.504, 4355
0.504, 4356
0.504, 4357
0.504, 4358
0.504, 4359
0.505, 4360
0.505, 4361
0.505, 4362
0.505, 4363
0.505, 4364
0.505, 4365
0.505, 4366
0.505, 4367
0.505, 4368
0.505, 4369
0.505, 4370
0.505, 4371
0.506, 4372
0.506, 4373
0.506, 4374
0.506, 4375
0.506, 4376
0.506, 4377
0.506, 4378
0.506, 4379
0.506, 4380
0.506, 4381
0.506, 4382
0.506, 4383
0.506, 4384
0.506, 4385
0.507, 4386
0.507, 4387
0.507, 4388
0.507, 4389
0.507, 4390
0.507, 4391
0.507, 4392
0.507, 4393
0.507, 4394
0.507, 4395
0.507, 4396
0.507, 4397
0.507, 4398
0.508, 4399
0.508, 4400
0.508, 4401
0.508, 4402
0.508, 4403
0.508, 4404
0.508, 4405
0.508, 4406
0.508, 4407
0.508, 4408
0.508, 4409
0.509, 4410
0.509, 4411
0.509, 4412
0.509, 4413
0.509, 4414
0.509, 4415
0.509, 4416
0.509, 4417
0.509, 4418
0.51, 4419
0.51, 4420
0.51, 4421
0.51, 4422
0.51, 4423
0.51, 4424
0.51, 4425
0.51, 4426
0.51, 4427
0.51, 4428
0.51, 4429
0.511, 4430
0.511, 4431
0.511, 4432
0.511, 4433
0.511, 4434
0.511, 4435
0.511, 4436
0.511, 4437
0.511, 4438
0.511, 4439
0.511, 4440
0.511, 4441
0.511, 4442
0.511, 4443
0.511, 4444
0.511, 4445
0.511, 4446
0.511, 4447
0.511, 4448
0.512, 4449
0.512, 4450
0.512, 4451
0.512, 4452
0.512, 4453
0.512, 4454
0.512, 4455
0.512, 4456
0.512, 4457
0.512, 4458
0.512, 4459
0.512, 4460
0.512, 4461
0.512, 4462
0.512, 4463
0.513, 4464
0.513, 4465
0.513, 4466
0.513, 4467
0.513, 4468
0.513, 4469
0.513, 4470
0.513, 4471
0.513, 4472
0.513, 4473
0.513, 4474
0.513, 4475
0.513, 4476
0.513, 4477
0.514, 4478
0.514, 4479
0.514, 4480
0.514, 4481
0.514, 4482
0.514, 4483
0.514, 4484
0.514, 4485
0.514, 4486
0.514, 4487
0.514, 4488
0.515, 4489
0.515, 4490
0.515, 4491
0.515, 4492
0.515, 4493
0.515, 4494
0.515, 4495
0.515, 4496
0.515, 4497
0.515, 4498
0.515, 4499
0.515, 4500
0.515, 4501
0.516, 4502
0.516, 4503
0.516, 4504
0.516, 4505
0.516, 4506
0.516, 4507
0.516, 4508
0.516, 4509
0.516, 4510
0.516, 4511
0.517, 4512
0.517, 4513
0.517, 4514
0.517, 4515
0.517, 4516
0.517, 4517
0.517, 4518
0.517, 4519
0.517, 4520
0.517, 4521
0.517, 4522
0.517, 4523
0.517, 4524
0.517, 4525
0.517, 4526
0.518, 4527
0.518, 4528
0.518, 4529
0.518, 4530
0.518, 4531
0.518, 4532
0.518, 4533
0.518, 4534
0.518, 4535
0.518, 4536
0.518, 4537
0.518, 4538
0.518, 4539
0.518, 4540
0.518, 4541
0.518, 4542
0.518, 4543
0.518, 4544
0.518, 4545
0.519, 4546
0.519, 4547
0.519, 4548
0.519, 4549
0.519, 4550
0.519, 4551
0.519, 4552
0.519, 4553
0.519, 4554
0.519, 4555
0.519, 4556
0.519, 4557
0.519, 4558
0.519, 4559
0.519, 4560
0.519, 4561
0.519, 4562
0.519, 4563
0.519, 4564
0.519, 4565
0.52, 4566
0.52, 4567
0.52, 4568
0.52, 4569
0.52, 4570
0.52, 4571
0.52, 4572
0.52, 4573
0.52, 4574
0.52, 4575
0.52, 4576
0.52, 4577
0.52, 4578
0.52, 4579
0.52, 4580
0.521, 4581
0.521, 4582
0.521, 4583
0.521, 4584
0.521, 4585
0.521, 4586
0.521, 4587
0.521, 4588
0.521, 4589
0.521, 4590
0.522, 4591
0.522, 4592
0.522, 4593
0.522, 4594
0.522, 4595
0.522, 4596
0.522, 4597
0.523, 4598
0.523, 4599
0.523, 4600
0.523, 4601
0.523, 4602
0.523, 4603
0.523, 4604
0.523, 4605
0.523, 4606
0.523, 4607
0.523, 4608
0.523, 4609
0.523, 4610
0.523, 4611
0.523, 4612
0.523, 4613
0.523, 4614
0.523, 4615
0.524, 4616
0.524, 4617
0.524, 4618
0.524, 4619
0.524, 4620
0.524, 4621
0.524, 4622
0.524, 4623
0.524, 4624
0.524, 4625
0.524, 4626
0.525, 4627
0.525, 4628
0.525, 4629
0.525, 4630
0.525, 4631
0.525, 4632
0.525, 4633
0.525, 4634
0.525, 4635
0.525, 4636
0.525, 4637
0.525, 4638
0.525, 4639
0.525, 4640
0.525, 4641
0.526, 4642
0.526, 4643
0.526, 4644
0.526, 4645
0.526, 4646
0.526, 4647
0.526, 4648
0.526, 4649
0.526, 4650
0.526, 4651
0.526, 4652
0.527, 4653
0.527, 4654
0.527, 4655
0.527, 4656
0.527, 4657
0.527, 4658
0.527, 4659
0.527, 4660
0.527, 4661
0.527, 4662
0.527, 4663
0.527, 4664
0.527, 4665
0.527, 4666
0.527, 4667
0.527, 4668
0.528, 4669
0.528, 4670
0.528, 4671
0.528, 4672
0.528, 4673
0.528, 4674
0.528, 4675
0.528, 4676
0.528, 4677
0.528, 4678
0.528, 4679
0.528, 4680
0.529, 4681
0.529, 4682
0.529, 4683
0.529, 4684
0.529, 4685
0.529, 4686
0.529, 4687
0.529, 4688
0.529, 4689
0.529, 4690
0.529, 4691
0.529, 4692
0.529, 4693
0.529, 4694
0.529, 4695
0.529, 4696
0.529, 4697
0.529, 4698
0.53, 4699
0.53, 4700
0.53, 4701
0.53, 4702
0.53, 4703
0.53, 4704
0.53, 4705
0.53, 4706
0.53, 4707
0.53, 4708
0.53, 4709
0.53, 4710
0.53, 4711
0.53, 4712
0.53, 4713
0.53, 4714
0.53, 4715
0.53, 4716
0.53, 4717
0.531, 4718
0.531, 4719
0.531, 4720
0.531, 4721
0.531, 4722
0.531, 4723
0.531, 4724
0.531, 4725
0.531, 4726
0.532, 4727
0.532, 4728
0.532, 4729
0.532, 4730
0.532, 4731
0.532, 4732
0.532, 4733
0.532, 4734
0.532, 4735
0.532, 4736
0.532, 4737
0.532, 4738
0.532, 4739
0.532, 4740
0.532, 4741
0.532, 4742
0.532, 4743
0.533, 4744
0.533, 4745
0.533, 4746
0.533, 4747
0.533, 4748
0.533, 4749
0.533, 4750
0.533, 4751
0.533, 4752
0.533, 4753
0.533, 4754
0.533, 4755
0.534, 4756
0.534, 4757
0.534, 4758
0.534, 4759
0.534, 4760
0.534, 4761
0.534, 4762
0.534, 4763
0.534, 4764
0.535, 4765
0.535, 4766
0.535, 4767
0.535, 4768
0.535, 4769
0.535, 4770
0.535, 4771
0.535, 4772
0.535, 4773
0.535, 4774
0.535, 4775
0.535, 4776
0.535, 4777
0.535, 4778
0.536, 4779
0.536, 4780
0.536, 4781
0.536, 4782
0.536, 4783
0.536, 4784
0.536, 4785
0.536, 4786
0.536, 4787
0.536, 4788
0.536, 4789
0.536, 4790
0.536, 4791
0.537, 4792
0.537, 4793
0.537, 4794
0.537, 4795
0.537, 4796
0.537, 4797
0.537, 4798
0.537, 4799
0.537, 4800
0.537, 4801
0.537, 4802
0.537, 4803
0.537, 4804
0.537, 4805
0.537, 4806
0.538, 4807
0.538, 4808
0.538, 4809
0.538, 4810
0.538, 4811
0.538, 4812
0.538, 4813
0.538, 4814
0.538, 4815
0.538, 4816
0.538, 4817
0.538, 4818
0.538, 4819
0.538, 4820
0.538, 4821
0.538, 4822
0.538, 4823
0.539, 4824
0.539, 4825
0.539, 4826
0.539, 4827
0.539, 4828
0.539, 4829
0.539, 4830
0.539, 4831
0.54, 4832
0.54, 4833
0.54, 4834
0.54, 4835
0.54, 4836
0.54, 4837
0.54, 4838
0.54, 4839
0.54, 4840
0.54, 4841
0.54, 4842
0.54, 4843
0.54, 4844
0.54, 4845
0.54, 4846
0.54, 4847
0.54, 4848
0.54, 4849
0.54, 4850
0.541, 4851
0.541, 4852
0.541, 4853
0.541, 4854
0.541, 4855
0.541, 4856
0.541, 4857
0.541, 4858
0.541, 4859
0.541, 4860
0.541, 4861
0.541, 4862
0.542, 4863
0.542, 4864
0.542, 4865
0.542, 4866
0.542, 4867
0.542, 4868
0.542, 4869
0.542, 4870
0.542, 4871
0.542, 4872
0.542, 4873
0.542, 4874
0.542, 4875
0.542, 4876
0.542, 4877
0.543, 4878
0.543, 4879
0.543, 4880
0.543, 4881
0.543, 4882
0.543, 4883
0.543, 4884
0.543, 4885
0.543, 4886
0.543, 4887
0.543, 4888
0.543, 4889
0.543, 4890
0.543, 4891
0.543, 4892
0.543, 4893
0.543, 4894
0.543, 4895
0.544, 4896
0.544, 4897
0.544, 4898
0.544, 4899
0.544, 4900
0.544, 4901
0.544, 4902
0.544, 4903
0.544, 4904
0.544, 4905
0.544, 4906
0.544, 4907
0.544, 4908
0.544, 4909
0.544, 4910
0.544, 4911
0.544, 4912
0.544, 4913
0.544, 4914
0.544, 4915
0.545, 4916
0.545, 4917
0.545, 4918
0.545, 4919
0.545, 4920
0.545, 4921
0.545, 4922
0.545, 4923
0.545, 4924
0.545, 4925
0.545, 4926
0.545, 4927
0.545, 4928
0.545, 4929
0.545, 4930
0.545, 4931
0.545, 4932
0.545, 4933
0.546, 4934
0.546, 4935
0.546, 4936
0.546, 4937
0.546, 4938
0.546, 4939
0.546, 4940
0.546, 4941
0.546, 4942
0.546, 4943
0.546, 4944
0.546, 4945
0.546, 4946
0.546, 4947
0.546, 4948
0.546, 4949
0.546, 4950
0.546, 4951
0.546, 4952
0.546, 4953
0.547, 4954
0.547, 4955
0.547, 4956
0.547, 4957
0.547, 4958
0.547, 4959
0.547, 4960
0.547, 4961
0.547, 4962
0.547, 4963
0.547, 4964
0.547, 4965
0.547, 4966
0.547, 4967
0.547, 4968
0.547, 4969
0.548, 4970
0.548, 4971
0.548, 4972
0.548, 4973
0.548, 4974
0.548, 4975
0.548, 4976
0.548, 4977
0.548, 4978
0.548, 4979
0.548, 4980
0.548, 4981
0.548, 4982
0.548, 4983
0.548, 4984
0.548, 4985
0.548, 4986
0.549, 4987
0.549, 4988
0.549, 4989
0.549, 4990
0.549, 4991
0.549, 4992
0.549, 4993
0.55, 4994
0.55, 4995
0.55, 4996
0.55, 4997
0.55, 4998
0.55, 4999
0.55, 5000
0.55, 5001
0.55, 5002
0.55, 5003
0.55, 5004
0.55, 5005
0.55, 5006
0.55, 5007
0.55, 5008
0.55, 5009
0.55, 5010
0.551, 5011
0.551, 5012
0.551, 5013
0.551, 5014
0.551, 5015
0.551, 5016
0.551, 5017
0.551, 5018
0.551, 5019
0.552, 5020
0.552, 5021
0.552, 5022
0.552, 5023
0.552, 5024
0.552, 5025
0.552, 5026
0.552, 5027
0.552, 5028
0.552, 5029
0.552, 5030
0.552, 5031
0.552, 5032
0.552, 5033
0.552, 5034
0.553, 5035
0.553, 5036
0.553, 5037
0.553, 5038
0.553, 5039
0.553, 5040
0.553, 5041
0.553, 5042
0.553, 5043
0.553, 5044
0.553, 5045
0.553, 5046
0.554, 5047
0.554, 5048
0.554, 5049
0.554, 5050
0.554, 5051
0.554, 5052
0.554, 5053
0.554, 5054
0.554, 5055
0.554, 5056
0.555, 5057
0.555, 5058
0.555, 5059
0.555, 5060
0.555, 5061
0.555, 5062
0.555, 5063
0.555, 5064
0.555, 5065
0.555, 5066
0.555, 5067
0.555, 5068
0.555, 5069
0.555, 5070
0.555, 5071
0.555, 5072
0.555, 5073
0.556, 5074
0.556, 5075
0.556, 5076
0.556, 5077
0.556, 5078
0.556, 5079
0.556, 5080
0.556, 5081
0.556, 5082
0.556, 5083
0.556, 5084
0.557, 5085
0.557, 5086
0.557, 5087
0.557, 5088
0.557, 5089
0.557, 5090
0.557, 5091
0.557, 5092
0.557, 5093
0.557, 5094
0.557, 5095
0.557, 5096
0.557, 5097
0.557, 5098
0.558, 5099
0.558, 5100
0.558, 5101
0.558, 5102
0.558, 5103
0.558, 5104
0.558, 5105
0.558, 5106
0.558, 5107
0.558, 5108
0.558, 5109
0.558, 5110
0.559, 5111
0.559, 5112
0.559, 5113
0.559, 5114
0.559, 5115
0.559, 5116
0.559, 5117
0.559, 5118
0.559, 5119
0.559, 5120
0.559, 5121
0.559, 5122
0.559, 5123
0.56, 5124
0.56, 5125
0.56, 5126
0.56, 5127
0.56, 5128
0.56, 5129
0.56, 5130
0.56, 5131
0.56, 5132
0.56, 5133
0.56, 5134
0.56, 5135
0.561, 5136
0.561, 5137
0.561, 5138
0.561, 5139
0.561, 5140
0.561, 5141
0.561, 5142
0.561, 5143
0.561, 5144
0.561, 5145
0.561, 5146
0.561, 5147
0.561, 5148
0.561, 5149
0.561, 5150
0.561, 5151
0.561, 5152
0.561, 5153
0.562, 5154
0.562, 5155
0.562, 5156
0.562, 5157
0.562, 5158
0.562, 5159
0.562, 5160
0.562, 5161
0.562, 5162
0.562, 5163
0.562, 5164
0.562, 5165
0.562, 5166
0.563, 5167
0.563, 5168
0.563, 5169
0.563, 5170
0.563, 5171
0.563, 5172
0.563, 5173
0.563, 5174
0.563, 5175
0.563, 5176
0.563, 5177
0.563, 5178
0.563, 5179
0.563, 5180
0.563, 5181
0.564, 5182
0.564, 5183
0.564, 5184
0.564, 5185
0.564, 5186
0.564, 5187
0.564, 5188
0.564, 5189
0.564, 5190
0.564, 5191
0.564, 5192
0.564, 5193
0.564, 5194
0.564, 5195
0.564, 5196
0.564, 5197
0.564, 5198
0.564, 5199
0.564, 5200
0.564, 5201
0.564, 5202
0.565, 5203
0.565, 5204
0.565, 5205
0.565, 5206
0.565, 5207
0.565, 5208
0.565, 5209
0.565, 5210
0.565, 5211
0.565, 5212
0.565, 5213
0.565, 5214
0.565, 5215
0.565, 5216
0.565, 5217
0.566, 5218
0.566, 5219
0.566, 5220
0.566, 5221
0.566, 5222
0.566, 5223
0.566, 5224
0.566, 5225
0.566, 5226
0.566, 5227
0.566, 5228
0.566, 5229
0.566, 5230
0.567, 5231
0.567, 5232
0.567, 5233
0.567, 5234
0.567, 5235
0.567, 5236
0.567, 5237
0.567, 5238
0.567, 5239
0.567, 5240
0.567, 5241
0.567, 5242
0.567, 5243
0.567, 5244
0.567, 5245
0.567, 5246
0.567, 5247
0.568, 5248
0.568, 5249
0.568, 5250
0.568, 5251
0.568, 5252
0.568, 5253
0.568, 5254
0.568, 5255
0.568, 5256
0.568, 5257
0.568, 5258
0.569, 5259
0.569, 5260
0.569, 5261
0.569, 5262
0.569, 5263
0.569, 5264
0.569, 5265
0.569, 5266
0.569, 5267
0.569, 5268
0.569, 5269
0.569, 5270
0.57, 5271
0.57, 5272
0.57, 5273
0.57, 5274
0.57, 5275
0.57, 5276
0.57, 5277
0.57, 5278
0.57, 5279
0.57, 5280
0.57, 5281
0.57, 5282
0.57, 5283
0.57, 5284
0.571, 5285
0.571, 5286
0.571, 5287
0.571, 5288
0.571, 5289
0.571, 5290
0.571, 5291
0.571, 5292
0.571, 5293
0.571, 5294
0.572, 5295
0.572, 5296
0.572, 5297
0.572, 5298
0.572, 5299
0.572, 5300
0.572, 5301
0.572, 5302
0.572, 5303
0.572, 5304
0.572, 5305
0.572, 5306
0.573, 5307
0.573, 5308
0.573, 5309
0.573, 5310
0.573, 5311
0.573, 5312
0.573, 5313
0.573, 5314
0.573, 5315
0.573, 5316
0.573, 5317
0.573, 5318
0.573, 5319
0.573, 5320
0.574, 5321
0.574, 5322
0.574, 5323
0.574, 5324
0.574, 5325
0.574, 5326
0.574, 5327
0.574, 5328
0.574, 5329
0.574, 5330
0.574, 5331
0.574, 5332
0.574, 5333
0.574, 5334
0.574, 5335
0.574, 5336
0.574, 5337
0.574, 5338
0.575, 5339
0.575, 5340
0.575, 5341
0.575, 5342
0.575, 5343
0.575, 5344
0.575, 5345
0.575, 5346
0.575, 5347
0.575, 5348
0.575, 5349
0.575, 5350
0.576, 5351
0.576, 5352
0.576, 5353
0.576, 5354
0.576, 5355
0.576, 5356
0.576, 5357
0.576, 5358
0.577, 5359
0.577, 5360
0.577, 5361
0.577, 5362
0.577, 5363
0.577, 5364
0.577, 5365
0.577, 5366
0.577, 5367
0.577, 5368
0.577, 5369
0.578, 5370
0.578, 5371
0.578, 5372
0.578, 5373
0.578, 5374
0.578, 5375
0.578, 5376
0.578, 5377
0.578, 5378
0.578, 5379
0.578, 5380
0.578, 5381
0.578, 5382
0.578, 5383
0.578, 5384
0.579, 5385
0.579, 5386
0.579, 5387
0.579, 5388
0.579, 5389
0.579, 5390
0.579, 5391
0.579, 5392
0.579, 5393
0.579, 5394
0.58, 5395
0.58, 5396
0.58, 5397
0.58, 5398
0.58, 5399
0.58, 5400
0.58, 5401
0.58, 5402
0.58, 5403
0.581, 5404
0.581, 5405
0.581, 5406
0.581, 5407
0.581, 5408
0.581, 5409
0.581, 5410
0.581, 5411
0.581, 5412
0.581, 5413
0.581, 5414
0.582, 5415
0.582, 5416
0.582, 5417
0.582, 5418
0.582, 5419
0.582, 5420
0.582, 5421
0.582, 5422
0.582, 5423
0.582, 5424
0.583, 5425
0.583, 5426
0.583, 5427
0.583, 5428
0.583, 5429
0.583, 5430
0.583, 5431
0.583, 5432
0.583, 5433
0.583, 5434
0.583, 5435
0.583, 5436
0.584, 5437
0.584, 5438
0.584, 5439
0.584, 5440
0.584, 5441
0.584, 5442
0.584, 5443
0.584, 5444
0.584, 5445
0.584, 5446
0.584, 5447
0.584, 5448
0.585, 5449
0.585, 5450
0.585, 5451
0.585, 5452
0.585, 5453
0.585, 5454
0.586, 5455
0.586, 5456
0.586, 5457
0.586, 5458
0.586, 5459
0.586, 5460
0.586, 5461
0.586, 5462
0.586, 5463
0.586, 5464
0.586, 5465
0.587, 5466
0.587, 5467
0.587, 5468
0.587, 5469
0.587, 5470
0.587, 5471
0.587, 5472
0.587, 5473
0.587, 5474
0.587, 5475
0.587, 5476
0.587, 5477
0.587, 5478
0.587, 5479
0.588, 5480
0.588, 5481
0.588, 5482
0.588, 5483
0.588, 5484
0.588, 5485
0.588, 5486
0.588, 5487
0.588, 5488
0.588, 5489
0.588, 5490
0.588, 5491
0.588, 5492
0.588, 5493
0.588, 5494
0.588, 5495
0.588, 5496
0.589, 5497
0.589, 5498
0.589, 5499
0.589, 5500
0.589, 5501
0.589, 5502
0.589, 5503
0.589, 5504
0.589, 5505
0.589, 5506
0.589, 5507
0.59, 5508
0.59, 5509
0.59, 5510
0.59, 5511
0.59, 5512
0.59, 5513
0.59, 5514
0.59, 5515
0.59, 5516
0.591, 5517
0.591, 5518
0.591, 5519
0.591, 5520
0.591, 5521
0.591, 5522
0.591, 5523
0.591, 5524
0.591, 5525
0.591, 5526
0.592, 5527
0.592, 5528
0.592, 5529
0.592, 5530
0.592, 5531
0.592, 5532
0.592, 5533
0.592, 5534
0.593, 5535
0.593, 5536
0.593, 5537
0.593, 5538
0.593, 5539
0.593, 5540
0.593, 5541
0.593, 5542
0.593, 5543
0.593, 5544
0.593, 5545
0.594, 5546
0.594, 5547
0.594, 5548
0.594, 5549
0.594, 5550
0.594, 5551
0.594, 5552
0.595, 5553
0.595, 5554
0.595, 5555
0.595, 5556
0.595, 5557
0.595, 5558
0.595, 5559
0.595, 5560
0.595, 5561
0.595, 5562
0.596, 5563
0.596, 5564
0.596, 5565
0.596, 5566
0.596, 5567
0.596, 5568
0.596, 5569
0.596, 5570
0.596, 5571
0.597, 5572
0.597, 5573
0.597, 5574
0.597, 5575
0.597, 5576
0.597, 5577
0.597, 5578
0.597, 5579
0.597, 5580
0.597, 5581
0.597, 5582
0.598, 5583
0.598, 5584
0.598, 5585
0.598, 5586
0.598, 5587
0.598, 5588
0.598, 5589
0.598, 5590
0.598, 5591
0.598, 5592
0.598, 5593
0.598, 5594
0.599, 5595
0.599, 5596
0.599, 5597
0.599, 5598
0.599, 5599
0.599, 5600
0.599, 5601
0.599, 5602
0.599, 5603
0.599, 5604
0.6, 5605
0.6, 5606
0.6, 5607
0.6, 5608
0.6, 5609
0.6, 5610
0.6, 5611
0.6, 5612
0.6, 5613
0.6, 5614
0.6, 5615
0.601, 5616
0.601, 5617
0.601, 5618
0.601, 5619
0.601, 5620
0.601, 5621
0.601, 5622
0.601, 5623
0.601, 5624
0.601, 5625
0.601, 5626
0.602, 5627
0.602, 5628
0.602, 5629
0.602, 5630
0.602, 5631
0.602, 5632
0.602, 5633
0.603, 5634
0.603, 5635
0.603, 5636
0.603, 5637
0.603, 5638
0.603, 5639
0.603, 5640
0.603, 5641
0.603, 5642
0.604, 5643
0.604, 5644
0.604, 5645
0.604, 5646
0.604, 5647
0.604, 5648
0.604, 5649
0.604, 5650
0.604, 5651
0.604, 5652
0.605, 5653
0.605, 5654
0.605, 5655
0.605, 5656
0.605, 5657
0.605, 5658
0.605, 5659
0.605, 5660
0.605, 5661
0.606, 5662
0.606, 5663
0.606, 5664
0.606, 5665
0.607, 5666
0.607, 5667
0.607, 5668
0.607, 5669
0.607, 5670
0.608, 5671
0.608, 5672
0.608, 5673
0.608, 5674
0.608, 5675
0.608, 5676
0.608, 5677
0.608, 5678
0.609, 5679
0.609, 5680
0.609, 5681
0.609, 5682
0.609, 5683
0.609, 5684
0.609, 5685
0.61, 5686
0.61, 5687
0.61, 5688
0.611, 5689
0.611, 5690
0.611, 5691
0.611, 5692
0.611, 5693
0.611, 5694
0.611, 5695
0.611, 5696
0.611, 5697
0.611, 5698
0.611, 5699
0.611, 5700
0.611, 5701
0.611, 5702
0.612, 5703
0.612, 5704
0.612, 5705
0.612, 5706
0.612, 5707
0.612, 5708
0.612, 5709
0.612, 5710
0.612, 5711
0.612, 5712
0.613, 5713
0.613, 5714
0.613, 5715
0.613, 5716
0.613, 5717
0.613, 5718
0.613, 5719
0.614, 5720
0.614, 5721
0.614, 5722
0.614, 5723
0.614, 5724
0.615, 5725
0.615, 5726
0.615, 5727
0.615, 5728
0.615, 5729
0.615, 5730
0.615, 5731
0.615, 5732
0.615, 5733
0.615, 5734
0.615, 5735
0.616, 5736
0.616, 5737
0.616, 5738
0.616, 5739
0.616, 5740
0.616, 5741
0.616, 5742
0.616, 5743
0.616, 5744
0.616, 5745
0.617, 5746
0.617, 5747
0.617, 5748
0.617, 5749
0.617, 5750
0.617, 5751
0.617, 5752
0.617, 5753
0.617, 5754
0.617, 5755
0.617, 5756
0.617, 5757
0.617, 5758
0.617, 5759
0.618, 5760
0.618, 5761
0.618, 5762
0.618, 5763
0.618, 5764
0.618, 5765
0.618, 5766
0.618, 5767
0.618, 5768
0.618, 5769
0.619, 5770
0.619, 5771
0.619, 5772
0.619, 5773
0.619, 5774
0.619, 5775
0.619, 5776
0.619, 5777
0.619, 5778
0.619, 5779
0.619, 5780
0.62, 5781
0.62, 5782
0.62, 5783
0.62, 5784
0.621, 5785
0.621, 5786
0.621, 5787
0.621, 5788
0.621, 5789
0.621, 5790
0.621, 5791
0.621, 5792
0.622, 5793
0.622, 5794
0.622, 5795
0.622, 5796
0.623, 5797
0.623, 5798
0.623, 5799
0.623, 5800
0.623, 5801
0.623, 5802
0.623, 5803
0.623, 5804
0.623, 5805
0.624, 5806
0.624, 5807
0.624, 5808
0.624, 5809
0.624, 5810
0.624, 5811
0.625, 5812
0.625, 5813
0.625, 5814
0.625, 5815
0.625, 5816
0.625, 5817
0.625, 5818
0.625, 5819
0.626, 5820
0.626, 5821
0.626, 5822
0.626, 5823
0.626, 5824
0.626, 5825
0.626, 5826
0.626, 5827
0.626, 5828
0.627, 5829
0.627, 5830
0.627, 5831
0.627, 5832
0.627, 5833
0.627, 5834
0.628, 5835
0.628, 5836
0.628, 5837
0.628, 5838
0.628, 5839
0.628, 5840
0.628, 5841
0.629, 5842
0.629, 5843
0.629, 5844
0.629, 5845
0.629, 5846
0.629, 5847
0.63, 5848
0.63, 5849
0.63, 5850
0.63, 5851
0.63, 5852
0.63, 5853
0.63, 5854
0.63, 5855
0.63, 5856
0.63, 5857
0.63, 5858
0.631, 5859
0.631, 5860
0.631, 5861
0.631, 5862
0.631, 5863
0.631, 5864
0.631, 5865
0.632, 5866
0.632, 5867
0.632, 5868
0.632, 5869
0.632, 5870
0.632, 5871
0.632, 5872
0.632, 5873
0.633, 5874
0.633, 5875
0.633, 5876
0.634, 5877
0.634, 5878
0.634, 5879
0.634, 5880
0.634, 5881
0.634, 5882
0.634, 5883
0.635, 5884
0.635, 5885
0.635, 5886
0.635, 5887
0.635, 5888
0.635, 5889
0.635, 5890
0.635, 5891
0.636, 5892
0.636, 5893
0.636, 5894
0.636, 5895
0.636, 5896
0.636, 5897
0.637, 5898
0.637, 5899
0.637, 5900
0.637, 5901
0.637, 5902
0.637, 5903
0.637, 5904
0.637, 5905
0.637, 5906
0.637, 5907
0.637, 5908
0.637, 5909
0.638, 5910
0.638, 5911
0.638, 5912
0.638, 5913
0.638, 5914
0.638, 5915
0.638, 5916
0.638, 5917
0.638, 5918
0.639, 5919
0.639, 5920
0.639, 5921
0.639, 5922
0.639, 5923
0.639, 5924
0.64, 5925
0.64, 5926
0.64, 5927
0.64, 5928
0.64, 5929
0.64, 5930
0.64, 5931
0.64, 5932
0.641, 5933
0.641, 5934
0.641, 5935
0.642, 5936
0.642, 5937
0.642, 5938
0.642, 5939
0.642, 5940
0.642, 5941
0.642, 5942
0.642, 5943
0.643, 5944
0.643, 5945
0.643, 5946
0.643, 5947
0.643, 5948
0.644, 5949
0.644, 5950
0.644, 5951
0.644, 5952
0.644, 5953
0.644, 5954
0.644, 5955
0.644, 5956
0.645, 5957
0.645, 5958
0.645, 5959
0.645, 5960
0.645, 5961
0.645, 5962
0.645, 5963
0.645, 5964
0.646, 5965
0.646, 5966
0.646, 5967
0.646, 5968
0.646, 5969
0.646, 5970
0.646, 5971
0.646, 5972
0.646, 5973
0.646, 5974
0.646, 5975
0.646, 5976
0.647, 5977
0.647, 5978
0.647, 5979
0.647, 5980
0.647, 5981
0.647, 5982
0.647, 5983
0.648, 5984
0.648, 5985
0.648, 5986
0.648, 5987
0.648, 5988
0.648, 5989
0.649, 5990
0.649, 5991
0.649, 5992
0.649, 5993
0.649, 5994
0.65, 5995
0.65, 5996
0.65, 5997
0.65, 5998
0.65, 5999
0.65, 6000
0.65, 6001
0.651, 6002
0.651, 6003
0.651, 6004
0.651, 6005
0.651, 6006
0.651, 6007
0.651, 6008
0.651, 6009
0.652, 6010
0.652, 6011
0.653, 6012
0.654, 6013
0.654, 6014
0.655, 6015
0.655, 6016
0.655, 6017
0.655, 6018
0.656, 6019
0.656, 6020
0.656, 6021
0.656, 6022
0.656, 6023
0.656, 6024
0.656, 6025
0.657, 6026
0.657, 6027
0.657, 6028
0.658, 6029
0.658, 6030
0.658, 6031
0.659, 6032
0.659, 6033
0.659, 6034
0.659, 6035
0.659, 6036
0.659, 6037
0.659, 6038
0.659, 6039
0.659, 6040
0.66, 6041
0.66, 6042
0.66, 6043
0.66, 6044
0.66, 6045
0.66, 6046
0.661, 6047
0.661, 6048
0.661, 6049
0.661, 6050
0.661, 6051
0.661, 6052
0.661, 6053
0.661, 6054
0.662, 6055
0.662, 6056
0.662, 6057
0.662, 6058
0.662, 6059
0.663, 6060
0.663, 6061
0.663, 6062
0.664, 6063
0.664, 6064
0.664, 6065
0.665, 6066
0.665, 6067
0.665, 6068
0.665, 6069
0.665, 6070
0.665, 6071
0.666, 6072
0.666, 6073
0.666, 6074
0.666, 6075
0.666, 6076
0.667, 6077
0.667, 6078
0.668, 6079
0.668, 6080
0.668, 6081
0.668, 6082
0.668, 6083
0.668, 6084
0.669, 6085
0.669, 6086
0.669, 6087
0.669, 6088
0.669, 6089
0.67, 6090
0.67, 6091
0.67, 6092
0.671, 6093
0.671, 6094
0.671, 6095
0.672, 6096
0.672, 6097
0.672, 6098
0.672, 6099
0.672, 6100
0.672, 6101
0.672, 6102
0.672, 6103
0.673, 6104
0.673, 6105
0.674, 6106
0.675, 6107
0.675, 6108
0.675, 6109
0.675, 6110
0.675, 6111
0.675, 6112
0.676, 6113
0.676, 6114
0.676, 6115
0.676, 6116
0.676, 6117
0.677, 6118
0.677, 6119
0.677, 6120
0.678, 6121
0.678, 6122
0.678, 6123
0.678, 6124
0.678, 6125
0.679, 6126
0.679, 6127
0.679, 6128
0.679, 6129
0.68, 6130
0.68, 6131
0.68, 6132
0.68, 6133
0.681, 6134
0.681, 6135
0.681, 6136
0.682, 6137
0.682, 6138
0.682, 6139
0.682, 6140
0.682, 6141
0.682, 6142
0.682, 6143
0.682, 6144
0.683, 6145
0.683, 6146
0.684, 6147
0.684, 6148
0.685, 6149
0.685, 6150
0.685, 6151
0.685, 6152
0.685, 6153
0.685, 6154
0.685, 6155
0.685, 6156
0.686, 6157
0.686, 6158
0.686, 6159
0.686, 6160
0.686, 6161
0.687, 6162
0.687, 6163
0.687, 6164
0.688, 6165
0.688, 6166
0.689, 6167
0.689, 6168
0.689, 6169
0.689, 6170
0.689, 6171
0.69, 6172
0.69, 6173
0.691, 6174
0.692, 6175
0.692, 6176
0.692, 6177
0.694, 6178
0.695, 6179
0.695, 6180
0.695, 6181
0.696, 6182
0.696, 6183
0.696, 6184
0.696, 6185
0.697, 6186
0.697, 6187
0.697, 6188
0.698, 6189
0.698, 6190
0.698, 6191
0.698, 6192
0.699, 6193
0.699, 6194
0.699, 6195
0.699, 6196
0.699, 6197
0.699, 6198
0.699, 6199
0.7, 6200
0.7, 6201
0.7, 6202
0.7, 6203
0.701, 6204
0.701, 6205
0.701, 6206
0.702, 6207
0.702, 6208
0.703, 6209
0.704, 6210
0.704, 6211
0.704, 6212
0.705, 6213
0.705, 6214
0.705, 6215
0.705, 6216
0.705, 6217
0.706, 6218
0.706, 6219
0.706, 6220
0.707, 6221
0.707, 6222
0.707, 6223
0.708, 6224
0.708, 6225
0.708, 6226
0.708, 6227
0.708, 6228
0.709, 6229
0.709, 6230
0.709, 6231
0.71, 6232
0.71, 6233
0.71, 6234
0.711, 6235
0.711, 6236
0.711, 6237
0.711, 6238
0.712, 6239
0.712, 6240
0.712, 6241
0.713, 6242
0.713, 6243
0.713, 6244
0.713, 6245
0.713, 6246
0.713, 6247
0.714, 6248
0.715, 6249
0.715, 6250
0.715, 6251
0.715, 6252
0.715, 6253
0.715, 6254
0.716, 6255
0.716, 6256
0.716, 6257
0.717, 6258
0.717, 6259
0.717, 6260
0.717, 6261
0.718, 6262
0.718, 6263
0.718, 6264
0.718, 6265
0.719, 6266
0.719, 6267
0.719, 6268
0.719, 6269
0.719, 6270
0.72, 6271
0.721, 6272
0.721, 6273
0.721, 6274
0.721, 6275
0.721, 6276
0.722, 6277
0.724, 6278
0.724, 6279
0.725, 6280
0.725, 6281
0.725, 6282
0.725, 6283
0.726, 6284
0.726, 6285
0.726, 6286
0.727, 6287
0.727, 6288
0.728, 6289
0.728, 6290
0.728, 6291
0.728, 6292
0.729, 6293
0.729, 6294
0.729, 6295
0.73, 6296
0.73, 6297
0.73, 6298
0.731, 6299
0.731, 6300
0.731, 6301
0.732, 6302
0.732, 6303
0.733, 6304
0.733, 6305
0.733, 6306
0.734, 6307
0.734, 6308
0.735, 6309
0.735, 6310
0.735, 6311
0.736, 6312
0.736, 6313
0.737, 6314
0.737, 6315
0.737, 6316
0.737, 6317
0.738, 6318
0.738, 6319
0.739, 6320
0.739, 6321
0.739, 6322
0.74, 6323
0.74, 6324
0.741, 6325
0.741, 6326
0.742, 6327
0.742, 6328
0.743, 6329
0.743, 6330
0.744, 6331
0.744, 6332
0.744, 6333
0.745, 6334
0.745, 6335
0.746, 6336
0.747, 6337
0.747, 6338
0.748, 6339
0.748, 6340
0.748, 6341
0.748, 6342
0.749, 6343
0.749, 6344
0.75, 6345
0.75, 6346
0.751, 6347
0.753, 6348
0.753, 6349
0.754, 6350
0.754, 6351
0.754, 6352
0.755, 6353
0.756, 6354
0.756, 6355
0.757, 6356
0.757, 6357
0.757, 6358
0.758, 6359
0.759, 6360
0.759, 6361
0.759, 6362
0.759, 6363
0.759, 6364
0.759, 6365
0.76, 6366
0.76, 6367
0.76, 6368
0.76, 6369
0.761, 6370
0.761, 6371
0.762, 6372
0.762, 6373
0.762, 6374
0.762, 6375
0.763, 6376
0.765, 6377
0.766, 6378
0.766, 6379
0.766, 6380
0.767, 6381
0.767, 6382
0.767, 6383
0.768, 6384
0.768, 6385
0.769, 6386
0.77, 6387
0.77, 6388
0.77, 6389
0.773, 6390
0.773, 6391
0.775, 6392
0.776, 6393
0.778, 6394
0.778, 6395
0.778, 6396
0.779, 6397
0.779, 6398
0.781, 6399
0.781, 6400
0.781, 6401
0.782, 6402
0.784, 6403
0.787, 6404
0.789, 6405
0.791, 6406
0.791, 6407
0.791, 6408
0.792, 6409
0.792, 6410
0.793, 6411
0.793, 6412
0.794, 6413
0.794, 6414
0.794, 6415
0.795, 6416
0.795, 6417
0.796, 6418
0.797, 6419
0.797, 6420
0.798, 6421
0.798, 6422
0.798, 6423
0.798, 6424
0.799, 6425
0.8, 6426
0.801, 6427
0.802, 6428
0.804, 6429
0.804, 6430
0.804, 6431
0.806, 6432
0.806, 6433
0.807, 6434
0.807, 6435
0.809, 6436
0.81, 6437
0.811, 6438
0.811, 6439
0.811, 6440
0.812, 6441
0.813, 6442
0.814, 6443
0.815, 6444
0.815, 6445
0.816, 6446
0.816, 6447
0.816, 6448
0.818, 6449
0.818, 6450
0.821, 6451
0.821, 6452
0.823, 6453
0.824, 6454
0.826, 6455
0.826, 6456
0.827, 6457
0.827, 6458
0.827, 6459
0.827, 6460
0.828, 6461
0.828, 6462
0.828, 6463
0.83, 6464
0.83, 6465
0.83, 6466
0.83, 6467
0.831, 6468
0.831, 6469
0.831, 6470
0.832, 6471
0.835, 6472
0.836, 6473
0.836, 6474
0.836, 6475
0.837, 6476
0.837, 6477
0.837, 6478
0.838, 6479
0.838, 6480
0.838, 6481
0.839, 6482
0.839, 6483
0.839, 6484
0.839, 6485
0.84, 6486
0.842, 6487
0.842, 6488
0.843, 6489
0.844, 6490
0.846, 6491
0.849, 6492
0.85, 6493
0.85, 6494
0.851, 6495
0.852, 6496
0.855, 6497
0.858, 6498
0.858, 6499
0.859, 6500
0.859, 6501
0.86, 6502
0.86, 6503
0.861, 6504
0.861, 6505
0.863, 6506
0.863, 6507
0.863, 6508
0.864, 6509
0.866, 6510
0.867, 6511
0.868, 6512
0.868, 6513
0.869, 6514
0.869, 6515
0.87, 6516
0.87, 6517
0.873, 6518
0.873, 6519
0.873, 6520
0.873, 6521
0.874, 6522
0.876, 6523
0.877, 6524
0.879, 6525
0.879, 6526
0.88, 6527
0.883, 6528
0.883, 6529
0.884, 6530
0.884, 6531
0.885, 6532
0.885, 6533
0.887, 6534
0.888, 6535
0.89, 6536
0.89, 6537
0.891, 6538
0.891, 6539
0.893, 6540
0.893, 6541
0.894, 6542
0.894, 6543
0.896, 6544
0.896, 6545
0.897, 6546
0.897, 6547
0.897, 6548
0.897, 6549
0.899, 6550
0.899, 6551
0.899, 6552
0.9, 6553
0.902, 6554
0.903, 6555
0.905, 6556
0.906, 6557
0.906, 6558
0.908, 6559
0.911, 6560
0.911, 6561
0.912, 6562
0.916, 6563
0.917, 6564
0.918, 6565
0.919, 6566
0.92, 6567
0.923, 6568
0.923, 6569
0.924, 6570
0.926, 6571
0.926, 6572
0.926, 6573
0.927, 6574
0.927, 6575
0.928, 6576
0.928, 6577
0.928, 6578
0.93, 6579
0.931, 6580
0.932, 6581
0.933, 6582
0.934, 6583
0.936, 6584
0.939, 6585
0.939, 6586
0.94, 6587
0.94, 6588
0.941, 6589
0.942, 6590
0.944, 6591
0.944, 6592
0.945, 6593
0.947, 6594
0.947, 6595
0.95, 6596
0.95, 6597
0.953, 6598
0.954, 6599
0.954, 6600
0.955, 6601
0.958, 6602
0.958, 6603
0.958, 6604
0.96, 6605
0.962, 6606
0.962, 6607
0.963, 6608
0.968, 6609
0.969, 6610
0.969, 6611
0.969, 6612
0.97, 6613
0.97, 6614
0.971, 6615
0.974, 6616
0.974, 6617
0.974, 6618
0.974, 6619
0.976, 6620
0.977, 6621
0.978, 6622
0.979, 6623
0.979, 6624
0.979, 6625
0.979, 6626
0.982, 6627
0.984, 6628
0.984, 6629
0.988, 6630
0.989, 6631
0.99, 6632
0.99, 6633
0.991, 6634
0.992, 6635
0.994, 6636
0.994, 6637
0.995, 6638
0.996, 6639
0.998, 6640
0.999, 6641
0.999, 6642
1, 6643
1.001, 6644
1.001, 6645
1.003, 6646
1.003, 6647
1.003, 6648
1.004, 6649
1.006, 6650
1.006, 6651
1.008, 6652
1.011, 6653
1.014, 6654
1.015, 6655
1.019, 6656
1.02, 6657
1.027, 6658
1.032, 6659
1.035, 6660
1.036, 6661
1.037, 6662
1.037, 6663
1.041, 6664
1.041, 6665
1.041, 6666
1.042, 6667
1.043, 6668
1.045, 6669
1.045, 6670
1.045, 6671
1.047, 6672
1.048, 6673
1.05, 6674
1.055, 6675
1.055, 6676
1.057, 6677
1.061, 6678
1.062, 6679
1.064, 6680
1.064, 6681
1.065, 6682
1.066, 6683
1.067, 6684
1.069, 6685
1.07, 6686
1.072, 6687
1.073, 6688
1.074, 6689
1.075, 6690
1.077, 6691
1.077, 6692
1.079, 6693
1.086, 6694
1.089, 6695
1.089, 6696
1.091, 6697
1.095, 6698
1.097, 6699
1.1, 6700
1.102, 6701
1.102, 6702
1.103, 6703
1.103, 6704
1.105, 6705
1.109, 6706
1.111, 6707
1.114, 6708
1.114, 6709
1.115, 6710
1.115, 6711
1.116, 6712
1.119, 6713
1.121, 6714
1.125, 6715
1.127, 6716
1.127, 6717
1.128, 6718
1.131, 6719
1.134, 6720
1.135, 6721
1.135, 6722
1.136, 6723
1.136, 6724
1.136, 6725
1.136, 6726
1.138, 6727
1.141, 6728
1.144, 6729
1.151, 6730
1.155, 6731
1.155, 6732
1.159, 6733
1.162, 6734
1.166, 6735
1.173, 6736
1.175, 6737
1.177, 6738
1.18, 6739
1.18, 6740
1.18, 6741
1.187, 6742
1.187, 6743
1.188, 6744
1.192, 6745
1.192, 6746
1.193, 6747
1.195, 6748
1.198, 6749
1.203, 6750
1.204, 6751
1.205, 6752
1.206, 6753
1.207, 6754
1.212, 6755
1.212, 6756
1.216, 6757
1.218, 6758
1.22, 6759
1.225, 6760
1.228, 6761
1.229, 6762
1.231, 6763
1.234, 6764
1.239, 6765
1.24, 6766
1.244, 6767
1.246, 6768
1.247, 6769
1.255, 6770
1.256, 6771
1.259, 6772
1.26, 6773
1.274, 6774
1.274, 6775
1.276, 6776
1.293, 6777
1.295, 6778
1.296, 6779
1.296, 6780
1.303, 6781
1.303, 6782
1.304, 6783
1.309, 6784
1.321, 6785
1.325, 6786
1.333, 6787
1.333, 6788
1.338, 6789
1.34, 6790
1.348, 6791
1.351, 6792
1.351, 6793
1.354, 6794
1.355, 6795
1.358, 6796
1.36, 6797
1.361, 6798
1.361, 6799
1.362, 6800
1.364, 6801
1.364, 6802
1.365, 6803
1.366, 6804
1.367, 6805
1.37, 6806
1.376, 6807
1.38, 6808
1.396, 6809
1.406, 6810
1.407, 6811
1.413, 6812
1.414, 6813
1.415, 6814
1.416, 6815
1.416, 6816
1.422, 6817
1.423, 6818
1.423, 6819
1.43, 6820
1.434, 6821
1.435, 6822
1.446, 6823
1.461, 6824
1.47, 6825
1.473, 6826
1.474, 6827
1.475, 6828
1.498, 6829
1.499, 6830
1.506, 6831
1.513, 6832
1.516, 6833
1.519, 6834
1.525, 6835
1.543, 6836
1.544, 6837
1.544, 6838
1.546, 6839
1.548, 6840
1.554, 6841
1.557, 6842
1.565, 6843
1.57, 6844
1.573, 6845
1.574, 6846
1.578, 6847
1.58, 6848
1.584, 6849
1.584, 6850
1.587, 6851
1.594, 6852
1.595, 6853
1.602, 6854
1.604, 6855
1.606, 6856
1.629, 6857
1.641, 6858
1.655, 6859
1.665, 6860
1.666, 6861
1.67, 6862
1.68, 6863
1.68, 6864
1.689, 6865
1.691, 6866
1.692, 6867
1.697, 6868
1.704, 6869
1.704, 6870
1.722, 6871
1.737, 6872
1.739, 6873
1.767, 6874
1.78, 6875
1.784, 6876
1.787, 6877
1.791, 6878
1.798, 6879
1.802, 6880
1.813, 6881
1.824, 6882
1.825, 6883
1.841, 6884
1.846, 6885
1.85, 6886
1.869, 6887
1.871, 6888
1.873, 6889
1.88, 6890
1.889, 6891
1.897, 6892
1.912, 6893
1.917, 6894
1.937, 6895
1.938, 6896
1.954, 6897
1.957, 6898
1.971, 6899
1.991, 6900
2.029, 6901
2.039, 6902
2.047, 6903
2.087, 6904
2.093, 6905
2.118, 6906
2.128, 6907
2.14, 6908
2.146, 6909
2.155, 6910
2.205, 6911
2.246, 6912
2.255, 6913
2.257, 6914
2.267, 6915
2.27, 6916
2.289, 6917
2.29, 6918
2.297, 6919
2.302, 6920
2.303, 6921
2.327, 6922
2.398, 6923
2.404, 6924
2.483, 6925
2.507, 6926
2.529, 6927
2.533, 6928
2.552, 6929
2.554, 6930
2.572, 6931
2.584, 6932
2.616, 6933
2.634, 6934
2.652, 6935
2.675, 6936
2.731, 6937
2.762, 6938
2.763, 6939
2.785, 6940
2.86, 6941
2.907, 6942
2.932, 6943
2.946, 6944
3.013, 6945
3.125, 6946
3.145, 6947
3.164, 6948
3.175, 6949
3.193, 6950
3.219, 6951
3.22, 6952
3.246, 6953
3.261, 6954
3.295, 6955
3.325, 6956
3.414, 6957
3.434, 6958
3.498, 6959
3.544, 6960
3.55, 6961
3.558, 6962
3.606, 6963
3.697, 6964
3.716, 6965
3.784, 6966
3.913, 6967
3.921, 6968
3.941, 6969
3.954, 6970
3.971, 6971
3.999, 6972
4.218, 6973
4.284, 6974
4.405, 6975
4.705, 6976
4.745, 6977
4.862, 6978
4.909, 6979
5.094, 6980
5.121, 6981
5.264, 6982
5.333, 6983
5.336, 6984
5.34, 6985
5.491, 6986
5.595, 6987
5.709, 6988
5.717, 6989
5.8, 6990
6.047, 6991
6.114, 6992
6.31, 6993
7.052, 6994
7.423, 6995
9.14, 6996
9.263, 6997
9.561, 6998
30.302, 6999
